team_id,team_name,competition_id,season_id,competition_name,season_name,country_name,competition_gender,n_matches,passes_per_match,net_density,net_avg_degree,assortativity,transitivity,n_communities,modularity,mean_degree_centrality,mean_betweenness,mean_closeness,mean_eigenvector,max_betweenness,mean_pass_length,short_pass_frac,long_pass_frac,vertical_pass_frac,diag_pass_frac,rate_pass,rate_carry,rate_shot,rate_pressure,rate_dribble,rate_ball_recovery,rate_interception,rate_foul_committed,rate_clearance,rate_block,rate_miscontrol,rate_dispossessed
24,Liverpool,16,4,Champions League,2018/2019,Europe,male,1,0.0,0.0,0.0,0.0,0.0,0.0,0.0,0.0,0.0,0.0,0.0,0.0,26.4811169006135,0.15950920245398773,0.30368098159509205,0.0,0.0,326.0,214.0,14.0,250.0,6.0,41.0,11.0,10.0,23.0,9.0,11.0,7.0
38,Tottenham Hotspur,16,4,Champions League,2018/2019,Europe,male,1,0.0,0.0,0.0,0.0,0.0,0.0,0.0,0.0,0.0,0.0,0.0,0.0,23.194276107269506,0.14716312056737588,0.24113475177304963,0.0,0.0,564.0,455.0,16.0,64.0,9.0,59.0,4.0,5.0,28.0,16.0,11.0,12.0
24,Liverpool,16,1,Champions League,2017/2018,Europe,male,1,0.0,0.0,0.0,0.0,0.0,0.0,0.0,0.0,0.0,0.0,0.0,0.0,22.404135763333333,0.2111111111111111,0.22777777777777777,0.0,0.0,360.0,273.0,14.0,134.0,13.0,53.0,3.0,20.0,16.0,13.0,5.0,9.0
220,Real Madrid,16,1,Champions League,2017/2018,Europe,male,1,0.0,0.0,0.0,0.0,0.0,0.0,0.0,0.0,0.0,0.0,0.0,0.0,20.125417616210996,0.23179791976225855,0.18573551263001487,0.0,0.0,673.0,523.0,14.0,92.0,16.0,42.0,8.0,5.0,17.0,23.0,11.0,19.0
224,Juventus,16,2,Champions League,2016/2017,Europe,male,1,0.0,0.0,0.0,0.0,0.0,0.0,0.0,0.0,0.0,0.0,0.0,0.0,21.375638553393667,0.22171945701357465,0.19004524886877827,0.0,0.0,442.0,343.0,9.0,103.0,10.0,38.0,10.0,26.0,8.0,16.0,8.0,9.0
220,Real Madrid,16,2,Champions League,2016/2017,Europe,male,1,0.0,0.0,0.0,0.0,0.0,0.0,0.0,0.0,0.0,0.0,0.0,0.0,21.428198139892668,0.17173524150268335,0.2039355992844365,0.0,0.0,559.0,502.0,18.0,91.0,23.0,45.0,9.0,17.0,12.0,20.0,8.0,8.0
224,Juventus,16,26,Champions League,2014/2015,Europe,male,1,0.0,0.0,0.0,0.0,0.0,0.0,0.0,0.0,0.0,0.0,0.0,0.0,21.227795389124665,0.22015915119363394,0.22015915119363394,0.0,0.0,377.0,304.0,15.0,144.0,12.0,44.0,2.0,25.0,8.0,19.0,18.0,11.0
217,Barcelona,16,26,Champions League,2014/2015,Europe,male,1,0.0,0.0,0.0,0.0,0.0,0.0,0.0,0.0,0.0,0.0,0.0,0.0,18.909930090333333,0.26666666666666666,0.16,0.0,0.0,600.0,521.0,17.0,122.0,22.0,54.0,2.0,15.0,17.0,7.0,18.0,13.0
212,Atlético Madrid,16,27,Champions League,2015/2016,Europe,male,1,0.0,0.0,0.0,0.0,0.0,0.0,0.0,0.0,0.0,0.0,0.0,0.0,19.216162354038996,0.2562674094707521,0.16434540389972144,0.0,0.0,718.0,583.0,22.0,129.0,41.0,65.0,2.0,20.0,19.0,29.0,18.0,12.0
220,Real Madrid,16,27,Champions League,2015/2016,Europe,male,1,0.0,0.0,0.0,0.0,0.0,0.0,0.0,0.0,0.0,0.0,0.0,0.0,21.75001728859375,0.1828125,0.1984375,0.0,0.0,640.0,541.0,31.0,171.0,29.0,58.0,10.0,22.0,34.0,26.0,23.0,14.0
169,Bayern Munich,16,24,Champions League,2012/2013,Europe,male,1,0.0,0.0,0.0,0.0,0.0,0.0,0.0,0.0,0.0,0.0,0.0,0.0,22.647367098302208,0.1494057724957555,0.24787775891341257,0.0,0.0,589.0,450.0,17.0,102.0,17.0,59.0,4.0,9.0,14.0,15.0,13.0,9.0
180,Borussia Dortmund,16,24,Champions League,2012/2013,Europe,male,1,0.0,0.0,0.0,0.0,0.0,0.0,0.0,0.0,0.0,0.0,0.0,0.0,23.525611469099758,0.18004866180048662,0.25790754257907544,0.0,0.0,411.0,282.0,13.0,180.0,16.0,70.0,3.0,13.0,16.0,29.0,14.0,13.0
220,Real Madrid,16,25,Champions League,2013/2014,Europe,male,1,0.0,0.0,0.0,0.0,0.0,0.0,0.0,0.0,0.0,0.0,0.0,0.0,21.672933689858795,0.1527599486521181,0.22721437740693196,0.0,0.0,779.0,635.0,20.0,105.0,35.0,70.0,7.0,21.0,25.0,25.0,15.0,30.0
212,Atlético Madrid,16,25,Champions League,2013/2014,Europe,male,1,0.0,0.0,0.0,0.0,0.0,0.0,0.0,0.0,0.0,0.0,0.0,0.0,22.567428680932206,0.2245762711864407,0.23940677966101695,0.0,0.0,472.0,339.0,12.0,177.0,25.0,80.0,5.0,29.0,29.0,34.0,19.0,10.0
33,Chelsea,16,23,Champions League,2011/2012,Europe,male,1,0.0,0.0,0.0,0.0,0.0,0.0,0.0,0.0,0.0,0.0,0.0,0.0,25.22913015617174,0.1413237924865832,0.25402504472271914,0.0,0.0,559.0,488.0,14.0,189.0,46.0,45.0,11.0,27.0,38.0,49.0,15.0,15.0
169,Bayern Munich,16,23,Champions League,2011/2012,Europe,male,1,0.0,0.0,0.0,0.0,0.0,0.0,0.0,0.0,0.0,0.0,0.0,0.0,20.267730183569405,0.18555240793201133,0.16855524079320114,0.0,0.0,706.0,621.0,45.0,184.0,39.0,66.0,9.0,16.0,14.0,11.0,14.0,12.0
39,Manchester United,16,22,Champions League,2010/2011,Europe,male,1,0.0,0.0,0.0,0.0,0.0,0.0,0.0,0.0,0.0,0.0,0.0,0.0,23.820483705063292,0.16962025316455695,0.23037974683544304,0.0,0.0,395.0,321.0,4.0,246.0,15.0,33.0,22.0,17.0,11.0,17.0,13.0,9.0
217,Barcelona,16,22,Champions League,2010/2011,Europe,male,1,0.0,0.0,0.0,0.0,0.0,0.0,0.0,0.0,0.0,0.0,0.0,0.0,17.395287067593713,0.23458282950423218,0.10519951632406288,0.0,0.0,827.0,764.0,22.0,143.0,29.0,50.0,6.0,5.0,6.0,9.0,10.0,16.0
238,Inter Milan,16,21,Champions League,2009/2010,Europe,male,1,0.0,0.0,0.0,0.0,0.0,0.0,0.0,0.0,0.0,0.0,0.0,0.0,25.68030477114094,0.2080536912751678,0.2953020134228188,0.0,0.0,298.0,225.0,12.0,210.0,22.0,55.0,9.0,14.0,16.0,27.0,8.0,17.0
169,Bayern Munich,16,21,Champions League,2009/2010,Europe,male,1,0.0,0.0,0.0,0.0,0.0,0.0,0.0,0.0,0.0,0.0,0.0,0.0,22.83372293023622,0.09448818897637795,0.2251968503937008,0.0,0.0,635.0,566.0,22.0,146.0,22.0,52.0,3.0,17.0,11.0,12.0,18.0,3.0
217,Barcelona,16,41,Champions League,2008/2009,Europe,male,1,0.0,0.0,0.0,0.0,0.0,0.0,0.0,0.0,0.0,0.0,0.0,0.0,20.154542088996138,0.25096525096525096,0.16602316602316602,0.0,0.0,518.0,431.0,11.0,137.0,9.0,40.0,10.0,8.0,26.0,14.0,15.0,17.0
39,Manchester United,16,41,Champions League,2008/2009,Europe,male,1,0.0,0.0,0.0,0.0,0.0,0.0,0.0,0.0,0.0,0.0,0.0,0.0,23.117623930927834,0.18969072164948453,0.23505154639175257,0.0,0.0,485.0,356.0,12.0,94.0,15.0,39.0,6.0,14.0,27.0,7.0,14.0,10.0
24,Liverpool,16,39,Champions League,2006/2007,Europe,male,1,0.0,0.0,0.0,0.0,0.0,0.0,0.0,0.0,0.0,0.0,0.0,0.0,26.226625618765432,0.16296296296296298,0.31851851851851853,0.0,0.0,405.0,255.0,14.0,159.0,18.0,52.0,8.0,26.0,21.0,17.0,14.0,16.0
243,AC Milan,16,39,Champions League,2006/2007,Europe,male,1,0.0,0.0,0.0,0.0,0.0,0.0,0.0,0.0,0.0,0.0,0.0,0.0,22.468255209955753,0.19469026548672566,0.23672566371681417,0.0,0.0,452.0,336.0,6.0,94.0,16.0,55.0,1.0,19.0,55.0,21.0,15.0,19.0
129,AS Monaco,16,44,Champions League,2003/2004,Europe,male,1,0.0,0.0,0.0,0.0,0.0,0.0,0.0,0.0,0.0,0.0,0.0,0.0,23.648119839334633,0.17025440313111545,0.2602739726027397,0.0,0.0,511.0,381.0,9.0,136.0,29.0,62.0,11.0,11.0,19.0,21.0,13.0,13.0
256,FC Porto,16,44,Champions League,2003/2004,Europe,male,1,0.0,0.0,0.0,0.0,0.0,0.0,0.0,0.0,0.0,0.0,0.0,0.0,25.26157960187353,0.17096018735362997,0.297423887587822,0.0,0.0,427.0,263.0,4.0,107.0,25.0,60.0,2.0,16.0,20.0,23.0,12.0,13.0
239,Fiorentina,16,76,Champions League,1999/2000,Europe,male,1,0.0,0.0,0.0,0.0,0.0,0.0,0.0,0.0,0.0,0.0,0.0,0.0,23.82285602832861,0.1501416430594901,0.254957507082153,0.0,0.0,353.0,246.0,14.0,127.0,16.0,61.0,13.0,14.0,36.0,26.0,15.0,8.0
39,Manchester United,16,76,Champions League,1999/2000,Europe,male,1,0.0,0.0,0.0,0.0,0.0,0.0,0.0,0.0,0.0,0.0,0.0,0.0,21.54836103079179,0.13343108504398826,0.1935483870967742,0.0,0.0,682.0,454.0,13.0,66.0,20.0,54.0,5.0,11.0,16.0,9.0,14.0,3.0
24,Liverpool,16,37,Champions League,2004/2005,Europe,male,1,0.0,0.0,0.0,0.0,0.0,0.0,0.0,0.0,0.0,0.0,0.0,0.0,24.29685886563011,0.14893617021276595,0.2700490998363339,0.0,0.0,611.0,454.0,21.0,223.0,24.0,57.0,7.0,30.0,35.0,23.0,15.0,18.0
243,AC Milan,16,37,Champions League,2004/2005,Europe,male,1,0.0,0.0,0.0,0.0,0.0,0.0,0.0,0.0,0.0,0.0,0.0,0.0,21.959189885526317,0.17690058479532164,0.21929824561403508,0.0,0.0,684.0,537.0,28.0,188.0,40.0,70.0,10.0,18.0,18.0,17.0,19.0,25.0
806,Ajax,16,277,Champions League,1972/1973,Europe,male,1,0.0,0.0,0.0,0.0,0.0,0.0,0.0,0.0,0.0,0.0,0.0,0.0,22.39149343495575,0.18584070796460178,0.252212389380531,0.0,0.0,452.0,357.0,31.0,140.0,25.0,60.0,9.0,37.0,29.0,11.0,9.0,11.0
224,Juventus,16,277,Champions League,1972/1973,Europe,male,1,0.0,0.0,0.0,0.0,0.0,0.0,0.0,0.0,0.0,0.0,0.0,0.0,24.11044208087432,0.17486338797814208,0.2978142076502732,0.0,0.0,366.0,292.0,11.0,114.0,28.0,54.0,11.0,15.0,22.0,17.0,22.0,17.0
806,Ajax,16,71,Champions League,1971/1972,Europe,male,1,0.0,0.0,0.0,0.0,0.0,0.0,0.0,0.0,0.0,0.0,0.0,0.0,22.191929494055206,0.14861995753715498,0.23142250530785563,0.0,0.0,471.0,397.0,25.0,123.0,27.0,65.0,7.0,28.0,23.0,17.0,6.0,12.0
238,Inter Milan,16,71,Champions League,1971/1972,Europe,male,1,0.0,0.0,0.0,0.0,0.0,0.0,0.0,0.0,0.0,0.0,0.0,0.0,22.602696,0.2238372093023256,0.25872093023255816,0.0,0.0,344.0,272.0,10.0,82.0,20.0,53.0,11.0,21.0,41.0,14.0,16.0,25.0
806,Ajax,16,276,Champions League,1970/1971,Europe,male,1,0.0,0.0,0.0,0.0,0.0,0.0,0.0,0.0,0.0,0.0,0.0,0.0,23.960196503846152,0.1244343891402715,0.25339366515837103,0.0,0.0,442.0,353.0,20.0,156.0,35.0,74.0,18.0,18.0,37.0,17.0,6.0,11.0
952,Panathinaikos,16,276,Champions League,1970/1971,Europe,male,1,0.0,0.0,0.0,0.0,0.0,0.0,0.0,0.0,0.0,0.0,0.0,0.0,20.60492973546392,0.20412371134020618,0.1958762886597938,0.0,0.0,485.0,387.0,14.0,120.0,30.0,77.0,2.0,17.0,31.0,19.0,19.0,16.0
217,Barcelona,87,84,Copa del Rey,1983/1984,Spain,male,1,0.0,0.0,0.0,0.0,0.0,0.0,0.0,0.0,0.0,0.0,0.0,0.0,18.894420742237443,0.18493150684931506,0.13013698630136986,0.0,0.0,438.0,399.0,14.0,55.0,40.0,65.0,3.0,21.0,28.0,11.0,24.0,24.0
215,Athletic Club,87,84,Copa del Rey,1983/1984,Spain,male,1,0.0,0.0,0.0,0.0,0.0,0.0,0.0,0.0,0.0,0.0,0.0,0.0,32.60980298608696,0.1391304347826087,0.45217391304347826,0.0,0.0,230.0,163.0,8.0,129.0,22.0,45.0,11.0,32.0,34.0,15.0,14.0,7.0
217,Barcelona,87,268,Copa del Rey,1982/1983,Spain,male,1,0.0,0.0,0.0,0.0,0.0,0.0,0.0,0.0,0.0,0.0,0.0,0.0,21.528765700331125,0.17549668874172186,0.22185430463576158,0.0,0.0,302.0,242.0,15.0,129.0,16.0,36.0,7.0,31.0,14.0,10.0,7.0,11.0
220,Real Madrid,87,268,Copa del Rey,1982/1983,Spain,male,1,0.0,0.0,0.0,0.0,0.0,0.0,0.0,0.0,0.0,0.0,0.0,0.0,21.318054890056818,0.15625,0.1903409090909091,0.0,0.0,352.0,312.0,10.0,116.0,24.0,43.0,10.0,18.0,15.0,11.0,11.0,12.0
217,Barcelona,87,279,Copa del Rey,1977/1978,Spain,male,1,0.0,0.0,0.0,0.0,0.0,0.0,0.0,0.0,0.0,0.0,0.0,0.0,24.12878103304598,0.16091954022988506,0.29310344827586204,0.0,0.0,348.0,296.0,13.0,171.0,22.0,54.0,15.0,29.0,22.0,22.0,17.0,9.0
208,Las Palmas,87,279,Copa del Rey,1977/1978,Spain,male,1,0.0,0.0,0.0,0.0,0.0,0.0,0.0,0.0,0.0,0.0,0.0,0.0,21.47429121269841,0.17989417989417988,0.20899470899470898,0.0,0.0,378.0,303.0,14.0,108.0,26.0,52.0,13.0,25.0,12.0,9.0,5.0,22.0
904,Bayer Leverkusen,9,27,1. Bundesliga,2015/2016,Germany,male,34,0.0,0.0,0.0,0.0,0.0,0.0,0.0,0.0,0.0,0.0,0.0,0.0,21.221681776301057,0.22665196888970543,0.20827974768816215,0.0,0.0,480.2647058823529,350.29411764705884,14.117647058823529,177.26470588235293,17.88235294117647,61.88235294117647,11.5,16.61764705882353,22.11764705882353,22.61764705882353,16.58823529411765,15.058823529411764
189,Ingolstadt,9,27,1. Bundesliga,2015/2016,Germany,male,2,0.0,0.0,0.0,0.0,0.0,0.0,0.0,0.0,0.0,0.0,0.0,0.0,24.191428794450868,0.18265895953757225,0.26473988439306356,0.0,0.0,432.5,283.5,16.5,167.0,18.0,53.5,13.5,14.0,21.0,17.0,17.5,12.5
185,Borussia Mönchengladbach,9,27,1. Bundesliga,2015/2016,Germany,male,2,0.0,0.0,0.0,0.0,0.0,0.0,0.0,0.0,0.0,0.0,0.0,0.0,20.827863918522937,0.1889908256880734,0.18256880733944955,0.0,0.0,545.0,415.0,10.0,173.5,21.5,48.0,11.0,19.0,19.5,21.5,16.0,13.5
173,Hertha Berlin,9,27,1. Bundesliga,2015/2016,Germany,male,2,0.0,0.0,0.0,0.0,0.0,0.0,0.0,0.0,0.0,0.0,0.0,0.0,21.33277052023701,0.19781221513217867,0.2187784867821331,0.0,0.0,548.5,429.5,9.0,174.0,25.5,52.5,5.5,21.5,16.5,18.5,16.0,12.0
181,Schalke 04,9,27,1. Bundesliga,2015/2016,Germany,male,2,0.0,0.0,0.0,0.0,0.0,0.0,0.0,0.0,0.0,0.0,0.0,0.0,22.98084307536585,0.18495934959349594,0.25203252032520324,0.0,0.0,492.0,378.0,14.5,178.0,31.5,62.5,12.5,17.5,21.5,21.0,24.0,14.0
184,Eintracht Frankfurt,9,27,1. Bundesliga,2015/2016,Germany,male,2,0.0,0.0,0.0,0.0,0.0,0.0,0.0,0.0,0.0,0.0,0.0,0.0,22.586926733286315,0.21861777150916784,0.2397743300423131,0.0,0.0,354.5,238.5,9.5,206.0,17.0,57.5,10.0,18.5,17.0,24.0,13.5,15.5
186,FC Köln,9,27,1. Bundesliga,2015/2016,Germany,male,2,0.0,0.0,0.0,0.0,0.0,0.0,0.0,0.0,0.0,0.0,0.0,0.0,24.470853976439233,0.15991471215351813,0.2878464818763326,0.0,0.0,469.0,328.5,16.5,125.0,14.5,55.0,14.5,12.5,18.0,16.0,14.0,10.0
179,Wolfsburg,9,27,1. Bundesliga,2015/2016,Germany,male,2,0.0,0.0,0.0,0.0,0.0,0.0,0.0,0.0,0.0,0.0,0.0,0.0,22.499293511686993,0.16158536585365854,0.22865853658536586,0.0,0.0,492.0,372.0,11.5,203.0,19.5,58.0,10.0,19.5,19.0,24.5,20.0,18.0
174,VfB Stuttgart,9,27,1. Bundesliga,2015/2016,Germany,male,2,0.0,0.0,0.0,0.0,0.0,0.0,0.0,0.0,0.0,0.0,0.0,0.0,23.12824612523923,0.215311004784689,0.25478468899521534,0.0,0.0,418.0,251.0,12.5,205.5,15.5,56.5,11.5,15.5,23.0,26.5,21.0,16.5
171,Hamburger SV,9,27,1. Bundesliga,2015/2016,Germany,male,2,0.0,0.0,0.0,0.0,0.0,0.0,0.0,0.0,0.0,0.0,0.0,0.0,22.419721679553465,0.24206815511163338,0.24676850763807284,0.0,0.0,425.5,256.0,9.0,205.0,17.5,56.5,13.5,20.5,31.0,26.0,16.0,14.0
172,Augsburg,9,27,1. Bundesliga,2015/2016,Germany,male,2,0.0,0.0,0.0,0.0,0.0,0.0,0.0,0.0,0.0,0.0,0.0,0.0,25.299571569975186,0.1401985111662531,0.29280397022332505,0.0,0.0,403.0,265.5,6.0,215.0,14.5,54.5,10.0,17.0,37.0,18.0,14.0,7.0
176,Werder Bremen,9,27,1. Bundesliga,2015/2016,Germany,male,2,0.0,0.0,0.0,0.0,0.0,0.0,0.0,0.0,0.0,0.0,0.0,0.0,25.171702244104136,0.20214395099540583,0.29555895865237364,0.0,0.0,326.5,207.5,10.0,177.0,19.0,59.0,11.5,13.0,34.0,27.0,15.5,10.5
177,FSV Mainz 05,9,27,1. Bundesliga,2015/2016,Germany,male,2,0.0,0.0,0.0,0.0,0.0,0.0,0.0,0.0,0.0,0.0,0.0,0.0,24.065661870314734,0.22317596566523606,0.28469241773962806,0.0,0.0,349.5,220.5,8.5,232.5,11.0,44.0,9.5,16.0,40.5,28.5,20.0,15.5
180,Borussia Dortmund,9,27,1. Bundesliga,2015/2016,Germany,male,2,0.0,0.0,0.0,0.0,0.0,0.0,0.0,0.0,0.0,0.0,0.0,0.0,21.945101971343284,0.19303482587064677,0.2228855721393035,0.0,0.0,502.5,380.0,14.0,208.5,16.5,51.5,14.5,12.5,22.5,23.5,19.0,17.0
872,Darmstadt 98,9,27,1. Bundesliga,2015/2016,Germany,male,2,0.0,0.0,0.0,0.0,0.0,0.0,0.0,0.0,0.0,0.0,0.0,0.0,28.39733011596958,0.17870722433460076,0.34600760456273766,0.0,0.0,263.0,130.5,9.5,200.5,7.5,51.0,8.0,21.0,42.5,25.0,20.5,10.0
169,Bayern Munich,9,27,1. Bundesliga,2015/2016,Germany,male,2,0.0,0.0,0.0,0.0,0.0,0.0,0.0,0.0,0.0,0.0,0.0,0.0,21.64719564590909,0.15062388591800357,0.20499108734402852,0.0,0.0,561.0,434.5,11.5,120.0,23.0,44.5,3.5,12.5,24.5,20.0,20.0,17.5
178,Hannover 96,9,27,1. Bundesliga,2015/2016,Germany,male,2,0.0,0.0,0.0,0.0,0.0,0.0,0.0,0.0,0.0,0.0,0.0,0.0,22.89538337636849,0.19626168224299065,0.2336448598130841,0.0,0.0,374.5,238.5,6.0,188.0,13.5,50.0,9.5,20.5,28.0,25.0,20.0,11.0
175,Hoffenheim,9,27,1. Bundesliga,2015/2016,Germany,male,2,0.0,0.0,0.0,0.0,0.0,0.0,0.0,0.0,0.0,0.0,0.0,0.0,24.763630118813314,0.1678726483357453,0.25470332850940663,0.0,0.0,345.5,211.5,5.5,201.0,14.0,44.5,6.5,17.5,30.5,32.5,9.5,14.0
769,Colombia,223,282,Copa America,2024,South America,male,6,0.0,0.0,0.0,0.0,0.0,0.0,0.0,0.0,0.0,0.0,0.0,0.0,21.92557082110546,0.2031197015937606,0.20040691759918616,0.0,0.0,491.5,376.3333333333333,13.166666666666666,138.0,15.166666666666666,44.833333333333336,7.166666666666667,16.833333333333332,14.5,18.0,14.333333333333334,13.166666666666666
781,Brazil,223,282,Copa America,2024,South America,male,4,0.0,0.0,0.0,0.0,0.0,0.0,0.0,0.0,0.0,0.0,0.0,0.0,20.550164907028304,0.1632075471698113,0.1740566037735849,0.0,0.0,530.0,439.5,13.75,136.5,24.0,44.0,10.0,14.75,16.25,18.0,16.5,11.25
2305,Jamaica,223,282,Copa America,2024,South America,male,3,0.0,0.0,0.0,0.0,0.0,0.0,0.0,0.0,0.0,0.0,0.0,0.0,24.076196440961535,0.15734265734265734,0.256993006993007,0.0,0.0,381.3333333333333,285.6666666666667,9.333333333333334,110.33333333333333,12.666666666666666,52.0,8.666666666666666,11.0,23.666666666666668,26.0,15.0,12.333333333333334
3563,Venezuela,223,282,Copa America,2024,South America,male,4,0.0,0.0,0.0,0.0,0.0,0.0,0.0,0.0,0.0,0.0,0.0,0.0,22.600141675974736,0.17353102690829214,0.21965952773201539,0.0,0.0,455.25,336.0,15.5,131.0,14.0,50.75,9.75,12.5,24.0,17.25,13.75,10.5
3564,Bolivia,223,282,Copa America,2024,South America,male,3,0.0,0.0,0.0,0.0,0.0,0.0,0.0,0.0,0.0,0.0,0.0,0.0,21.837746143739768,0.18085106382978725,0.20458265139116202,0.0,0.0,407.3333333333333,315.0,5.666666666666667,163.66666666666666,12.666666666666666,46.666666666666664,10.666666666666666,20.666666666666668,22.0,22.666666666666668,12.333333333333334,17.0
783,Uruguay,223,282,Copa America,2024,South America,male,6,0.0,0.0,0.0,0.0,0.0,0.0,0.0,0.0,0.0,0.0,0.0,0.0,22.9764570163106,0.1561216105176664,0.2304847986852917,0.0,0.0,405.6666666666667,320.0,15.666666666666666,162.83333333333334,11.166666666666666,50.0,8.833333333333334,17.666666666666668,18.5,18.166666666666668,11.5,14.5
784,Peru,223,282,Copa America,2024,South America,male,3,0.0,0.0,0.0,0.0,0.0,0.0,0.0,0.0,0.0,0.0,0.0,0.0,23.939258996124742,0.1983640081799591,0.25664621676891614,0.0,0.0,326.0,234.33333333333334,7.666666666666667,158.66666666666666,11.0,39.666666666666664,10.0,22.0,10.333333333333334,20.333333333333332,11.0,10.333333333333334
3562,Chile,223,282,Copa America,2024,South America,male,3,0.0,0.0,0.0,0.0,0.0,0.0,0.0,0.0,0.0,0.0,0.0,0.0,22.94273377564688,0.1811263318112633,0.2267884322678843,0.0,0.0,438.0,348.0,7.333333333333333,154.33333333333334,14.0,45.666666666666664,7.0,13.666666666666666,17.0,20.333333333333332,14.666666666666666,14.333333333333334
3565,Ecuador,223,282,Copa America,2024,South America,male,4,0.0,0.0,0.0,0.0,0.0,0.0,0.0,0.0,0.0,0.0,0.0,0.0,25.313078660498487,0.1714501510574018,0.27794561933534745,0.0,0.0,331.0,253.5,13.5,131.0,16.0,50.5,7.75,14.5,26.5,21.5,11.75,11.0
779,Argentina,223,282,Copa America,2024,South America,male,6,0.0,0.0,0.0,0.0,0.0,0.0,0.0,0.0,0.0,0.0,0.0,0.0,20.787418907653365,0.17510422870756404,0.1810601548540798,0.0,0.0,559.6666666666666,458.0,14.666666666666666,133.5,14.833333333333334,35.5,8.5,12.333333333333334,13.0,19.666666666666668,11.166666666666666,10.5
3567,Paraguay,223,282,Copa America,2024,South America,male,3,0.0,0.0,0.0,0.0,0.0,0.0,0.0,0.0,0.0,0.0,0.0,0.0,21.501463788112325,0.18408736349453977,0.20280811232449297,0.0,0.0,427.3333333333333,341.6666666666667,14.333333333333334,157.33333333333334,16.666666666666668,48.333333333333336,13.0,18.0,15.666666666666666,18.0,12.333333333333334,11.333333333333334
1839,United States,223,282,Copa America,2024,South America,male,3,0.0,0.0,0.0,0.0,0.0,0.0,0.0,0.0,0.0,0.0,0.0,0.0,23.922343064661014,0.17457627118644067,0.25,0.0,0.0,393.3333333333333,272.6666666666667,11.333333333333334,120.33333333333333,12.0,38.666666666666664,6.0,9.666666666666666,14.333333333333334,19.0,13.666666666666666,8.333333333333334
794,Mexico,223,282,Copa America,2024,South America,male,3,0.0,0.0,0.0,0.0,0.0,0.0,0.0,0.0,0.0,0.0,0.0,0.0,21.03562734306004,0.17043253712072304,0.1697869593285991,0.0,0.0,516.3333333333334,391.3333333333333,19.333333333333332,132.33333333333334,16.666666666666668,64.33333333333333,7.666666666666667,13.666666666666666,22.0,21.0,12.666666666666666,13.333333333333334
1833,Canada,223,282,Copa America,2024,South America,male,6,0.0,0.0,0.0,0.0,0.0,0.0,0.0,0.0,0.0,0.0,0.0,0.0,21.17736718928774,0.19222986645082962,0.17766086604613518,0.0,0.0,411.8333333333333,318.5,12.333333333333334,161.0,16.166666666666668,48.333333333333336,8.666666666666666,14.666666666666666,21.333333333333332,20.833333333333332,14.5,13.5
795,Costa Rica,223,282,Copa America,2024,South America,male,3,0.0,0.0,0.0,0.0,0.0,0.0,0.0,0.0,0.0,0.0,0.0,0.0,24.78622983351831,0.20754716981132076,0.2641509433962264,0.0,0.0,300.3333333333333,224.66666666666666,3.0,173.33333333333334,14.0,49.333333333333336,6.666666666666667,16.0,24.0,22.666666666666668,10.666666666666666,12.666666666666666
798,Panama,223,282,Copa America,2024,South America,male,4,0.0,0.0,0.0,0.0,0.0,0.0,0.0,0.0,0.0,0.0,0.0,0.0,22.654294585817578,0.1468298109010011,0.20689655172413793,0.0,0.0,449.5,363.5,12.5,118.5,14.0,43.5,7.5,16.25,16.25,13.25,10.5,10.25
17403,Soviet Union U20,1470,274,FIFA U20 World Cup,1979,International,male,1,0.0,0.0,0.0,0.0,0.0,0.0,0.0,0.0,0.0,0.0,0.0,0.0,24.200118386468652,0.11221122112211221,0.2508250825082508,0.0,0.0,303.0,246.0,11.0,146.0,20.0,55.0,12.0,36.0,24.0,21.0,14.0,10.0
9763,Argentina U20,1470,274,FIFA U20 World Cup,1979,International,male,1,0.0,0.0,0.0,0.0,0.0,0.0,0.0,0.0,0.0,0.0,0.0,0.0,16.735708571238096,0.2361904761904762,0.0761904761904762,0.0,0.0,525.0,478.0,19.0,116.0,50.0,61.0,15.0,13.0,11.0,10.0,19.0,19.0
190,Union Berlin,9,281,1. Bundesliga,2023/2024,Germany,male,2,0.0,0.0,0.0,0.0,0.0,0.0,0.0,0.0,0.0,0.0,0.0,0.0,22.381048068087853,0.2054263565891473,0.2248062015503876,0.0,0.0,387.0,310.0,5.5,200.5,9.0,45.0,13.0,8.0,17.0,26.0,13.5,10.5
904,Bayer Leverkusen,9,281,1. Bundesliga,2023/2024,Germany,male,34,0.0,0.0,0.0,0.0,0.0,0.0,0.0,0.0,0.0,0.0,0.0,0.0,17.411645002716135,0.24294670846394983,0.11256393334433262,0.0,0.0,713.0588235294117,605.6764705882352,18.323529411764707,140.76470588235293,17.058823529411764,51.5,7.794117647058823,10.117647058823529,16.235294117647058,18.11764705882353,13.382352941176471,12.941176470588236
174,VfB Stuttgart,9,281,1. Bundesliga,2023/2024,Germany,male,2,0.0,0.0,0.0,0.0,0.0,0.0,0.0,0.0,0.0,0.0,0.0,0.0,19.17201891689775,0.25043327556325823,0.15424610051993068,0.0,0.0,577.0,490.5,16.5,186.5,11.0,46.5,14.0,14.5,14.5,22.0,15.0,14.5
180,Borussia Dortmund,9,281,1. Bundesliga,2023/2024,Germany,male,2,0.0,0.0,0.0,0.0,0.0,0.0,0.0,0.0,0.0,0.0,0.0,0.0,21.6763682121071,0.20139697322467986,0.20721769499417927,0.0,0.0,429.5,329.5,7.0,197.5,10.0,46.5,11.0,14.0,27.0,31.0,17.0,13.5
186,FC Köln,9,281,1. Bundesliga,2023/2024,Germany,male,2,0.0,0.0,0.0,0.0,0.0,0.0,0.0,0.0,0.0,0.0,0.0,0.0,22.115414366233768,0.1544011544011544,0.22077922077922077,0.0,0.0,346.5,259.0,6.5,202.0,7.0,33.5,13.5,10.5,25.5,24.0,11.0,7.0
868,Bochum,9,281,1. Bundesliga,2023/2024,Germany,male,2,0.0,0.0,0.0,0.0,0.0,0.0,0.0,0.0,0.0,0.0,0.0,0.0,25.039898783685796,0.16767371601208458,0.2854984894259819,0.0,0.0,331.0,224.0,4.5,185.5,5.0,40.5,17.5,11.0,14.5,19.0,16.0,9.0
175,Hoffenheim,9,281,1. Bundesliga,2023/2024,Germany,male,2,0.0,0.0,0.0,0.0,0.0,0.0,0.0,0.0,0.0,0.0,0.0,0.0,21.524035316061603,0.16721672167216722,0.20242024202420242,0.0,0.0,454.5,316.5,9.0,178.0,10.0,35.5,16.5,9.0,28.5,24.5,14.0,5.0
176,Werder Bremen,9,281,1. Bundesliga,2023/2024,Germany,male,2,0.0,0.0,0.0,0.0,0.0,0.0,0.0,0.0,0.0,0.0,0.0,0.0,20.46147831512287,0.17958412098298676,0.18525519848771266,0.0,0.0,529.0,422.0,4.5,211.0,11.0,47.5,12.5,11.0,17.5,18.5,9.0,11.0
184,Eintracht Frankfurt,9,281,1. Bundesliga,2023/2024,Germany,male,2,0.0,0.0,0.0,0.0,0.0,0.0,0.0,0.0,0.0,0.0,0.0,0.0,20.109941534622642,0.18490566037735848,0.17169811320754716,0.0,0.0,530.0,435.0,10.5,186.5,7.0,48.0,12.5,13.5,18.0,20.0,11.5,8.5
172,Augsburg,9,281,1. Bundesliga,2023/2024,Germany,male,2,0.0,0.0,0.0,0.0,0.0,0.0,0.0,0.0,0.0,0.0,0.0,0.0,21.433416342037305,0.19799139167862267,0.1908177905308465,0.0,0.0,348.5,284.0,7.0,214.5,9.0,45.5,14.0,12.0,26.5,33.0,15.0,7.5
872,Darmstadt 98,9,281,1. Bundesliga,2023/2024,Germany,male,2,0.0,0.0,0.0,0.0,0.0,0.0,0.0,0.0,0.0,0.0,0.0,0.0,23.139167876747504,0.19971469329529243,0.23395149786019973,0.0,0.0,350.5,264.0,6.5,229.5,10.5,42.5,16.0,15.5,24.0,24.0,13.0,6.0
177,FSV Mainz 05,9,281,1. Bundesliga,2023/2024,Germany,male,2,0.0,0.0,0.0,0.0,0.0,0.0,0.0,0.0,0.0,0.0,0.0,0.0,19.736748019528623,0.21997755331088664,0.16161616161616163,0.0,0.0,445.5,352.0,11.5,169.0,10.0,48.0,17.0,16.0,17.0,23.5,13.0,7.5
179,Wolfsburg,9,281,1. Bundesliga,2023/2024,Germany,male,2,0.0,0.0,0.0,0.0,0.0,0.0,0.0,0.0,0.0,0.0,0.0,0.0,22.554698626390685,0.17464424320827943,0.22639068564036222,0.0,0.0,386.5,291.0,10.5,158.5,7.0,37.5,18.0,14.0,17.5,21.5,11.0,5.0
183,Freiburg,9,281,1. Bundesliga,2023/2024,Germany,male,2,0.0,0.0,0.0,0.0,0.0,0.0,0.0,0.0,0.0,0.0,0.0,0.0,21.950801061680913,0.17663817663817663,0.21367521367521367,0.0,0.0,351.0,267.5,10.5,132.0,7.5,45.5,9.5,13.0,24.0,16.0,9.5,10.5
169,Bayern Munich,9,281,1. Bundesliga,2023/2024,Germany,male,2,0.0,0.0,0.0,0.0,0.0,0.0,0.0,0.0,0.0,0.0,0.0,0.0,19.219665708,0.18888888888888888,0.14296296296296296,0.0,0.0,675.0,565.0,12.5,182.5,17.0,45.5,13.5,10.5,9.5,19.0,15.5,10.0
201,FC Heidenheim,9,281,1. Bundesliga,2023/2024,Germany,male,2,0.0,0.0,0.0,0.0,0.0,0.0,0.0,0.0,0.0,0.0,0.0,0.0,22.423936037022898,0.17048346055979643,0.23027989821882952,0.0,0.0,393.0,289.0,4.0,247.5,14.5,40.5,8.0,14.5,23.5,33.5,15.0,11.0
185,Borussia Mönchengladbach,9,281,1. Bundesliga,2023/2024,Germany,male,2,0.0,0.0,0.0,0.0,0.0,0.0,0.0,0.0,0.0,0.0,0.0,0.0,20.49756028392435,0.19267139479905437,0.17257683215130024,0.0,0.0,423.0,326.5,8.0,266.0,6.5,42.5,16.0,8.5,34.0,30.0,14.5,10.5
182,RB Leipzig,9,281,1. Bundesliga,2023/2024,Germany,male,2,0.0,0.0,0.0,0.0,0.0,0.0,0.0,0.0,0.0,0.0,0.0,0.0,20.424427520758293,0.17251184834123223,0.16777251184834124,0.0,0.0,527.5,462.5,12.0,169.5,14.5,45.0,14.0,11.5,9.5,23.5,10.5,12.5
774,Egypt,1267,107,African Cup of Nations,2023,Africa,male,4,0.0,0.0,0.0,0.0,0.0,0.0,0.0,0.0,0.0,0.0,0.0,0.0,20.6671773537254,0.17525773195876287,0.18556701030927836,0.0,0.0,533.5,426.0,20.0,143.75,16.0,49.0,10.75,13.25,19.75,18.0,11.5,9.0
4881,Congo DR,1267,107,African Cup of Nations,2023,Africa,male,7,0.0,0.0,0.0,0.0,0.0,0.0,0.0,0.0,0.0,0.0,0.0,0.0,22.38244380926413,0.1457518663348738,0.220049768929968,0.0,0.0,401.85714285714283,315.57142857142856,15.428571428571429,151.85714285714286,13.142857142857142,46.0,6.428571428571429,15.0,20.285714285714285,14.285714285714286,11.428571428571429,9.857142857142858
4924,Cape Verde Islands,1267,107,African Cup of Nations,2023,Africa,male,5,0.0,0.0,0.0,0.0,0.0,0.0,0.0,0.0,0.0,0.0,0.0,0.0,21.81002214037648,0.1823181049069374,0.20262267343485618,0.0,0.0,472.8,377.6,16.0,144.6,19.0,50.6,9.8,15.6,24.0,22.0,15.0,11.8
4978,Mozambique,1267,107,African Cup of Nations,2023,Africa,male,3,0.0,0.0,0.0,0.0,0.0,0.0,0.0,0.0,0.0,0.0,0.0,0.0,21.917501391964993,0.162291169451074,0.21559268098647574,0.0,0.0,419.0,346.6666666666667,9.333333333333334,119.0,13.666666666666666,43.666666666666664,10.0,11.333333333333334,19.333333333333332,15.666666666666666,12.0,12.333333333333334
4934,Gambia,1267,107,African Cup of Nations,2023,Africa,male,3,0.0,0.0,0.0,0.0,0.0,0.0,0.0,0.0,0.0,0.0,0.0,0.0,23.96745665187375,0.20140280561122245,0.2595190380761523,0.0,0.0,332.6666666666667,251.33333333333334,11.333333333333334,150.33333333333334,14.333333333333334,42.333333333333336,7.333333333333333,15.666666666666666,25.0,22.333333333333332,10.666666666666666,9.666666666666666
2722,Cameroon,1267,107,African Cup of Nations,2023,Africa,male,4,0.0,0.0,0.0,0.0,0.0,0.0,0.0,0.0,0.0,0.0,0.0,0.0,21.147581546875,0.1926605504587156,0.18692660550458715,0.0,0.0,436.0,331.0,9.25,127.0,12.0,44.5,8.0,14.0,21.25,18.5,13.5,7.25
787,Senegal,1267,107,African Cup of Nations,2023,Africa,male,4,0.0,0.0,0.0,0.0,0.0,0.0,0.0,0.0,0.0,0.0,0.0,0.0,21.27728785451318,0.19311457772996235,0.19203873050026896,0.0,0.0,464.75,358.0,12.25,185.75,12.5,41.5,9.25,18.25,17.75,17.5,12.25,12.0
775,Nigeria,1267,107,African Cup of Nations,2023,Africa,male,7,0.0,0.0,0.0,0.0,0.0,0.0,0.0,0.0,0.0,0.0,0.0,0.0,23.306230515004014,0.178714859437751,0.25140562248995985,0.0,0.0,355.7142857142857,271.7142857142857,12.285714285714286,141.28571428571428,13.857142857142858,43.285714285714285,7.571428571428571,18.714285714285715,20.571428571428573,15.571428571428571,11.571428571428571,9.571428571428571
4894,Guinea-Bissau,1267,107,African Cup of Nations,2023,Africa,male,3,0.0,0.0,0.0,0.0,0.0,0.0,0.0,0.0,0.0,0.0,0.0,0.0,20.366779835633118,0.2086038961038961,0.17775974025974026,0.0,0.0,410.6666666666667,320.3333333333333,11.333333333333334,141.0,12.666666666666666,33.666666666666664,10.666666666666666,13.666666666666666,15.666666666666666,16.666666666666668,13.333333333333334,10.666666666666666
4930,Mali,1267,107,African Cup of Nations,2023,Africa,male,5,0.0,0.0,0.0,0.0,0.0,0.0,0.0,0.0,0.0,0.0,0.0,0.0,21.74479042590874,0.18986852281515854,0.20533642691415313,0.0,0.0,517.2,409.8,12.8,162.2,9.6,41.0,10.2,18.4,26.0,17.6,13.6,9.8
4980,Namibia,1267,107,African Cup of Nations,2023,Africa,male,4,0.0,0.0,0.0,0.0,0.0,0.0,0.0,0.0,0.0,0.0,0.0,0.0,24.78602786340457,0.19380987472365513,0.27560795873249816,0.0,0.0,339.25,249.25,8.5,169.25,8.0,53.75,11.5,15.0,17.5,19.75,16.0,9.25
4963,Zambia,1267,107,African Cup of Nations,2023,Africa,male,3,0.0,0.0,0.0,0.0,0.0,0.0,0.0,0.0,0.0,0.0,0.0,0.0,22.110207385361974,0.13206046141607,0.20763723150357996,0.0,0.0,419.0,307.3333333333333,8.333333333333334,119.66666666666667,12.666666666666666,32.333333333333336,4.333333333333333,13.666666666666666,20.0,17.666666666666668,13.333333333333334,5.666666666666667
4976,South Africa,1267,107,African Cup of Nations,2023,Africa,male,7,0.0,0.0,0.0,0.0,0.0,0.0,0.0,0.0,0.0,0.0,0.0,0.0,21.427838887410175,0.19603334291463065,0.18798505317620007,0.0,0.0,497.0,404.42857142857144,13.0,148.71428571428572,12.857142857142858,51.0,9.571428571428571,13.714285714285714,22.0,20.428571428571427,13.714285714285714,14.142857142857142
4892,Guinea,1267,107,African Cup of Nations,2023,Africa,male,5,0.0,0.0,0.0,0.0,0.0,0.0,0.0,0.0,0.0,0.0,0.0,0.0,21.794547965037783,0.2151133501259446,0.21259445843828714,0.0,0.0,397.0,315.6,8.6,124.0,9.6,39.4,6.6,16.2,20.4,18.6,12.6,7.4
4898,Algeria,1267,107,African Cup of Nations,2023,Africa,male,3,0.0,0.0,0.0,0.0,0.0,0.0,0.0,0.0,0.0,0.0,0.0,0.0,20.725237394654656,0.2066066066066066,0.1891891891891892,0.0,0.0,555.0,449.0,15.666666666666666,103.66666666666667,14.333333333333334,41.0,7.666666666666667,13.666666666666666,11.333333333333334,11.666666666666666,11.333333333333334,9.0
4932,Mauritania,1267,107,African Cup of Nations,2023,Africa,male,4,0.0,0.0,0.0,0.0,0.0,0.0,0.0,0.0,0.0,0.0,0.0,0.0,24.949824753475937,0.19518716577540107,0.2736185383244207,0.0,0.0,280.5,233.0,12.75,167.25,17.25,50.0,12.5,15.0,32.75,23.0,14.0,9.25
777,Tunisia,1267,107,African Cup of Nations,2023,Africa,male,3,0.0,0.0,0.0,0.0,0.0,0.0,0.0,0.0,0.0,0.0,0.0,0.0,21.405688855555553,0.22073079791200598,0.20208799403430275,0.0,0.0,447.0,305.6666666666667,8.333333333333334,161.66666666666666,10.0,39.666666666666664,7.333333333333333,12.0,29.333333333333332,19.333333333333332,12.666666666666666,11.0
4901,Angola,1267,107,African Cup of Nations,2023,Africa,male,5,0.0,0.0,0.0,0.0,0.0,0.0,0.0,0.0,0.0,0.0,0.0,0.0,23.086538458467313,0.1645230439442658,0.24008574490889603,0.0,0.0,373.2,298.6,10.8,158.2,15.0,44.2,10.4,17.0,29.0,19.4,13.4,13.6
788,Morocco,1267,107,African Cup of Nations,2023,Africa,male,4,0.0,0.0,0.0,0.0,0.0,0.0,0.0,0.0,0.0,0.0,0.0,0.0,21.147509503239075,0.19177377892030847,0.19640102827763495,0.0,0.0,486.25,385.25,14.5,124.0,13.75,38.5,5.25,15.25,14.0,14.0,10.75,9.25
4953,Tanzania,1267,107,African Cup of Nations,2023,Africa,male,3,0.0,0.0,0.0,0.0,0.0,0.0,0.0,0.0,0.0,0.0,0.0,0.0,21.74484918828125,0.14713541666666666,0.19140625,0.0,0.0,512.0,387.0,4.0,139.0,7.666666666666667,39.0,6.333333333333333,10.0,21.333333333333332,18.333333333333332,12.333333333333334,8.0
4921,Burkina Faso,1267,107,African Cup of Nations,2023,Africa,male,4,0.0,0.0,0.0,0.0,0.0,0.0,0.0,0.0,0.0,0.0,0.0,0.0,21.966176157384517,0.19388418998048146,0.21470396877033182,0.0,0.0,384.25,309.75,11.5,130.5,13.0,47.25,8.75,16.75,14.25,12.5,16.25,12.75
4992,Equatorial Guinea,1267,107,African Cup of Nations,2023,Africa,male,4,0.0,0.0,0.0,0.0,0.0,0.0,0.0,0.0,0.0,0.0,0.0,0.0,22.24745964120552,0.23384168482207698,0.21350762527233116,0.0,0.0,344.25,257.5,7.75,137.0,9.25,38.5,3.0,15.5,25.5,17.5,11.75,9.0
3374,Côte d'Ivoire,1267,107,African Cup of Nations,2023,Africa,male,7,0.0,0.0,0.0,0.0,0.0,0.0,0.0,0.0,0.0,0.0,0.0,0.0,20.904686479610728,0.18685121107266436,0.18223760092272204,0.0,0.0,495.42857142857144,400.14285714285717,14.571428571428571,125.57142857142857,15.857142857142858,50.42857142857143,7.142857142857143,17.571428571428573,19.571428571428573,15.571428571428571,14.285714285714286,12.857142857142858
4885,Ghana,1267,107,African Cup of Nations,2023,Africa,male,3,0.0,0.0,0.0,0.0,0.0,0.0,0.0,0.0,0.0,0.0,0.0,0.0,21.51616405970297,0.18217821782178217,0.18514851485148515,0.0,0.0,336.6666666666667,271.3333333333333,8.333333333333334,157.33333333333334,13.666666666666666,42.666666666666664,11.666666666666666,23.333333333333332,28.0,16.333333333333332,10.666666666666666,9.666666666666666
781,Brazil,43,55,FIFA World Cup,1990,International,male,1,0.0,0.0,0.0,0.0,0.0,0.0,0.0,0.0,0.0,0.0,0.0,0.0,21.74271664410569,0.17276422764227642,0.19715447154471544,0.0,0.0,492.0,415.0,17.0,146.0,27.0,58.0,11.0,25.0,8.0,6.0,24.0,13.0
779,Argentina,43,55,FIFA World Cup,1990,International,male,1,0.0,0.0,0.0,0.0,0.0,0.0,0.0,0.0,0.0,0.0,0.0,0.0,20.62518491943574,0.2006269592476489,0.19435736677115986,0.0,0.0,319.0,258.0,6.0,162.0,27.0,57.0,5.0,25.0,36.0,18.0,13.0,17.0
782,Belgium,43,54,FIFA World Cup,1986,International,male,1,0.0,0.0,0.0,0.0,0.0,0.0,0.0,0.0,0.0,0.0,0.0,0.0,22.165092931898734,0.1518987341772152,0.21265822784810126,0.0,0.0,395.0,317.0,21.0,125.0,11.0,61.0,9.0,21.0,11.0,14.0,3.0,11.0
779,Argentina,43,54,FIFA World Cup,1986,International,male,3,0.0,0.0,0.0,0.0,0.0,0.0,0.0,0.0,0.0,0.0,0.0,0.0,19.688137130043668,0.2165938864628821,0.15807860262008733,0.0,0.0,381.6666666666667,330.3333333333333,14.333333333333334,84.0,24.0,47.333333333333336,9.666666666666666,18.666666666666668,33.333333333333336,19.666666666666668,13.666666666666666,15.333333333333334
770,Germany,43,54,FIFA World Cup,1986,International,male,1,0.0,0.0,0.0,0.0,0.0,0.0,0.0,0.0,0.0,0.0,0.0,0.0,22.4260019361413,0.15760869565217392,0.2418478260869565,0.0,0.0,368.0,270.0,12.0,159.0,14.0,47.0,2.0,26.0,22.0,12.0,7.0,6.0
768,England,43,54,FIFA World Cup,1986,International,male,1,0.0,0.0,0.0,0.0,0.0,0.0,0.0,0.0,0.0,0.0,0.0,0.0,24.228770656657222,0.1671388101983003,0.3031161473087819,0.0,0.0,353.0,274.0,12.0,101.0,20.0,44.0,5.0,20.0,24.0,15.0,9.0,5.0
941,Netherlands,43,51,FIFA World Cup,1974,International,male,5,0.0,0.0,0.0,0.0,0.0,0.0,0.0,0.0,0.0,0.0,0.0,0.0,20.91680163613412,0.1747534516765286,0.1881656804733728,0.0,0.0,507.0,401.0,18.0,132.8,24.8,57.4,9.6,25.8,17.0,17.6,13.0,11.4
2721,German DR,43,51,FIFA World Cup,1974,International,male,2,0.0,0.0,0.0,0.0,0.0,0.0,0.0,0.0,0.0,0.0,0.0,0.0,25.0782725325228,0.13221884498480244,0.2765957446808511,0.0,0.0,329.0,262.0,12.0,118.5,15.5,59.0,11.0,13.0,32.5,14.0,12.5,10.0
770,Germany,43,51,FIFA World Cup,1974,International,male,2,0.0,0.0,0.0,0.0,0.0,0.0,0.0,0.0,0.0,0.0,0.0,0.0,20.738674196028036,0.21495327102803738,0.18925233644859812,0.0,0.0,428.0,377.5,19.0,117.5,20.5,50.0,10.0,14.0,23.5,10.0,10.5,13.5
781,Brazil,43,51,FIFA World Cup,1974,International,male,1,0.0,0.0,0.0,0.0,0.0,0.0,0.0,0.0,0.0,0.0,0.0,0.0,19.04441216800895,0.2371364653243848,0.15659955257270694,0.0,0.0,447.0,377.0,14.0,113.0,26.0,67.0,11.0,26.0,8.0,16.0,10.0,16.0
779,Argentina,43,51,FIFA World Cup,1974,International,male,1,0.0,0.0,0.0,0.0,0.0,0.0,0.0,0.0,0.0,0.0,0.0,0.0,20.003715377749362,0.21483375959079284,0.1585677749360614,0.0,0.0,391.0,347.0,3.0,152.0,27.0,64.0,12.0,13.0,13.0,20.0,23.0,24.0
790,Sweden,43,51,FIFA World Cup,1974,International,male,1,0.0,0.0,0.0,0.0,0.0,0.0,0.0,0.0,0.0,0.0,0.0,0.0,25.637319366123776,0.15309446254071662,0.32247557003257327,0.0,0.0,307.0,205.0,8.0,171.0,20.0,49.0,12.0,26.0,49.0,15.0,15.0,15.0
768,England,43,272,FIFA World Cup,1970,International,male,1,0.0,0.0,0.0,0.0,0.0,0.0,0.0,0.0,0.0,0.0,0.0,0.0,20.57335092457983,0.21638655462184875,0.20798319327731093,0.0,0.0,476.0,370.0,21.0,141.0,24.0,64.0,5.0,17.0,15.0,19.0,13.0,6.0
781,Brazil,43,272,FIFA World Cup,1970,International,male,6,0.0,0.0,0.0,0.0,0.0,0.0,0.0,0.0,0.0,0.0,0.0,0.0,19.45276906979367,0.1764099037138927,0.1454607977991747,0.0,0.0,484.6666666666667,417.5,25.166666666666668,121.16666666666667,33.0,49.833333333333336,8.833333333333334,17.666666666666668,20.333333333333332,15.5,10.333333333333334,13.833333333333334
784,Peru,43,272,FIFA World Cup,1970,International,male,1,0.0,0.0,0.0,0.0,0.0,0.0,0.0,0.0,0.0,0.0,0.0,0.0,16.663868779405522,0.2484076433121019,0.11252653927813164,0.0,0.0,471.0,412.0,19.0,114.0,26.0,57.0,8.0,15.0,11.0,22.0,12.0,17.0
905,Romania,43,272,FIFA World Cup,1970,International,male,1,0.0,0.0,0.0,0.0,0.0,0.0,0.0,0.0,0.0,0.0,0.0,0.0,20.041272941994748,0.15748031496062992,0.17060367454068243,0.0,0.0,381.0,347.0,18.0,209.0,26.0,58.0,13.0,24.0,7.0,12.0,6.0,9.0
914,Italy,43,272,FIFA World Cup,1970,International,male,1,0.0,0.0,0.0,0.0,0.0,0.0,0.0,0.0,0.0,0.0,0.0,0.0,20.259583099029125,0.18122977346278318,0.16181229773462782,0.0,0.0,309.0,258.0,26.0,103.0,15.0,36.0,7.0,23.0,21.0,15.0,8.0,10.0
783,Uruguay,43,272,FIFA World Cup,1970,International,male,1,0.0,0.0,0.0,0.0,0.0,0.0,0.0,0.0,0.0,0.0,0.0,0.0,21.303021259888585,0.21448467966573817,0.22562674094707522,0.0,0.0,359.0,303.0,18.0,136.0,19.0,57.0,8.0,21.0,16.0,16.0,11.0,16.0
17469,Czechoslovakia,43,272,FIFA World Cup,1970,International,male,1,0.0,0.0,0.0,0.0,0.0,0.0,0.0,0.0,0.0,0.0,0.0,0.0,22.743820172748272,0.12009237875288684,0.19399538106235567,0.0,0.0,433.0,366.0,32.0,139.0,18.0,52.0,13.0,12.0,22.0,16.0,15.0,13.0
794,Mexico,43,270,FIFA World Cup,1962,International,male,1,0.0,0.0,0.0,0.0,0.0,0.0,0.0,0.0,0.0,0.0,0.0,0.0,20.823852765277778,0.17592592592592593,0.1875,0.0,0.0,432.0,364.0,9.0,213.0,27.0,75.0,8.0,21.0,38.0,19.0,25.0,15.0
781,Brazil,43,270,FIFA World Cup,1962,International,male,1,0.0,0.0,0.0,0.0,0.0,0.0,0.0,0.0,0.0,0.0,0.0,0.0,21.069129146168958,0.13359528487229863,0.19842829076620824,0.0,0.0,509.0,484.0,34.0,145.0,59.0,67.0,6.0,10.0,13.0,16.0,18.0,18.0
781,Brazil,43,269,FIFA World Cup,1958,International,male,2,0.0,0.0,0.0,0.0,0.0,0.0,0.0,0.0,0.0,0.0,0.0,0.0,20.171193281008147,0.21079429735234215,0.18737270875763748,0.0,0.0,491.0,466.0,33.5,161.0,64.0,102.5,13.5,15.5,30.5,24.5,17.5,15.5
790,Sweden,43,269,FIFA World Cup,1958,International,male,1,0.0,0.0,0.0,0.0,0.0,0.0,0.0,0.0,0.0,0.0,0.0,0.0,21.203242488151655,0.1966824644549763,0.2132701421800948,0.0,0.0,422.0,320.0,6.0,212.0,28.0,63.0,8.0,15.0,54.0,33.0,18.0,18.0
771,France,43,269,FIFA World Cup,1958,International,male,1,0.0,0.0,0.0,0.0,0.0,0.0,0.0,0.0,0.0,0.0,0.0,0.0,20.69816013282051,0.2230769230769231,0.20256410256410257,0.0,0.0,390.0,309.0,15.0,220.0,48.0,78.0,15.0,9.0,25.0,31.0,23.0,12.0
746,Manchester City WFC,37,42,FA Women's Super League,2019/2020,England,female,16,0.0,0.0,0.0,0.0,0.0,0.0,0.0,0.0,0.0,0.0,0.0,0.0,20.899827457628046,0.16454165750714442,0.19070125302264235,0.0,0.0,568.625,481.375,16.5625,186.0,19.375,57.375,9.125,8.625,21.375,20.375,15.5625,13.0
967,Everton LFC,37,42,FA Women's Super League,2019/2020,England,female,14,0.0,0.0,0.0,0.0,0.0,0.0,0.0,0.0,0.0,0.0,0.0,0.0,20.741660615285596,0.20233139050791007,0.19300582847626976,0.0,0.0,428.92857142857144,328.57142857142856,11.857142857142858,188.35714285714286,21.928571428571427,60.785714285714285,11.714285714285714,12.285714285714286,30.714285714285715,21.142857142857142,17.714285714285715,14.857142857142858
974,Reading WFC,37,42,FA Women's Super League,2019/2020,England,female,14,0.0,0.0,0.0,0.0,0.0,0.0,0.0,0.0,0.0,0.0,0.0,0.0,22.12420658595619,0.19039595619208088,0.23656276326874473,0.0,0.0,423.92857142857144,330.5,13.785714285714286,147.0,16.642857142857142,72.21428571428571,8.928571428571429,12.285714285714286,34.785714285714285,18.142857142857142,17.142857142857142,16.714285714285715
1475,Manchester United W,37,42,FA Women's Super League,2019/2020,England,female,14,0.0,0.0,0.0,0.0,0.0,0.0,0.0,0.0,0.0,0.0,0.0,0.0,21.71002365446812,0.17376940865543442,0.21489924017178724,0.0,0.0,432.42857142857144,348.07142857142856,13.5,153.42857142857142,16.857142857142858,59.357142857142854,6.857142857142857,11.785714285714286,26.857142857142858,20.5,17.285714285714285,12.785714285714286
971,Chelsea FCW,37,42,FA Women's Super League,2019/2020,England,female,15,0.0,0.0,0.0,0.0,0.0,0.0,0.0,0.0,0.0,0.0,0.0,0.0,21.643362378031995,0.17100694444444445,0.2144097222222222,0.0,0.0,537.6,427.8666666666667,20.4,143.86666666666667,16.066666666666666,62.0,7.333333333333333,8.933333333333334,25.266666666666666,15.333333333333334,15.266666666666667,12.533333333333333
972,West Ham United LFC,37,42,FA Women's Super League,2019/2020,England,female,14,0.0,0.0,0.0,0.0,0.0,0.0,0.0,0.0,0.0,0.0,0.0,0.0,21.821516551463628,0.178965819456617,0.2189307624890447,0.0,0.0,407.5,309.57142857142856,9.785714285714286,126.71428571428571,15.214285714285714,55.642857142857146,8.928571428571429,11.214285714285714,28.071428571428573,20.714285714285715,17.0,13.714285714285714
973,Bristol City WFC,37,42,FA Women's Super League,2019/2020,England,female,14,0.0,0.0,0.0,0.0,0.0,0.0,0.0,0.0,0.0,0.0,0.0,0.0,24.414732897876107,0.15398230088495576,0.2758849557522124,0.0,0.0,322.85714285714283,249.0,7.214285714285714,177.64285714285714,15.071428571428571,59.642857142857146,9.142857142857142,8.357142857142858,38.07142857142857,21.357142857142858,14.071428571428571,15.214285714285714
749,Tottenham Hotspur Women,37,42,FA Women's Super League,2019/2020,England,female,15,0.0,0.0,0.0,0.0,0.0,0.0,0.0,0.0,0.0,0.0,0.0,0.0,22.87662121622896,0.15572390572390574,0.24781144781144782,0.0,0.0,396.0,319.6666666666667,12.266666666666667,168.0,20.133333333333333,59.733333333333334,10.266666666666667,13.466666666666667,35.86666666666667,21.733333333333334,14.733333333333333,13.466666666666667
965,Brighton & Hove Albion WFC,37,42,FA Women's Super League,2019/2020,England,female,16,0.0,0.0,0.0,0.0,0.0,0.0,0.0,0.0,0.0,0.0,0.0,0.0,22.026152037221564,0.18772317633055602,0.23295357932324434,0.0,0.0,367.5625,283.25,10.0,198.125,16.1875,56.9375,13.875,11.5625,27.4375,20.375,15.4375,13.0
969,Birmingham City WFC,37,42,FA Women's Super League,2019/2020,England,female,13,0.0,0.0,0.0,0.0,0.0,0.0,0.0,0.0,0.0,0.0,0.0,0.0,21.42858237209825,0.1811105345096004,0.2030790520671164,0.0,0.0,444.6923076923077,386.0769230769231,10.692307692307692,198.07692307692307,22.076923076923077,69.38461538461539,9.538461538461538,9.23076923076923,27.076923076923077,20.53846153846154,22.53846153846154,16.615384615384617
966,Liverpool WFC,37,42,FA Women's Super League,2019/2020,England,female,14,0.0,0.0,0.0,0.0,0.0,0.0,0.0,0.0,0.0,0.0,0.0,0.0,21.31957564272279,0.20653761869978085,0.21475529583637692,0.0,0.0,391.14285714285717,310.85714285714283,11.214285714285714,206.28571428571428,23.0,67.14285714285714,10.5,11.642857142857142,31.714285714285715,20.428571428571427,17.0,13.714285714285714
968,Arsenal WFC,37,42,FA Women's Super League,2019/2020,England,female,15,0.0,0.0,0.0,0.0,0.0,0.0,0.0,0.0,0.0,0.0,0.0,0.0,19.798805422646424,0.18848270440251572,0.1637185534591195,0.0,0.0,678.4,580.8666666666667,15.066666666666666,149.93333333333334,18.066666666666666,59.666666666666664,6.6,6.733333333333333,14.533333333333333,16.066666666666666,15.0,16.4
788,Morocco,43,106,FIFA World Cup,2022,International,male,7,0.0,0.0,0.0,0.0,0.0,0.0,0.0,0.0,0.0,0.0,0.0,0.0,22.016546028132634,0.20663176265270505,0.2136125654450262,0.0,0.0,409.2857142857143,326.14285714285717,9.428571428571429,155.0,14.857142857142858,47.0,12.714285714285714,16.428571428571427,24.428571428571427,19.142857142857142,15.571428571428571,9.857142857142858
1833,Canada,43,106,FIFA World Cup,2022,International,male,3,0.0,0.0,0.0,0.0,0.0,0.0,0.0,0.0,0.0,0.0,0.0,0.0,21.356092251330363,0.15467854869509867,0.2011457670273711,0.0,0.0,523.6666666666666,435.3333333333333,11.666666666666666,126.66666666666667,25.0,53.0,10.666666666666666,12.333333333333334,17.0,16.333333333333332,17.0,13.333333333333334
797,Iran,43,106,FIFA World Cup,2022,International,male,3,0.0,0.0,0.0,0.0,0.0,0.0,0.0,0.0,0.0,0.0,0.0,0.0,23.698976274577777,0.17955555555555555,0.2702222222222222,0.0,0.0,375.0,260.6666666666667,11.0,150.66666666666666,11.0,46.666666666666664,15.666666666666666,17.333333333333332,16.0,19.666666666666668,12.0,6.666666666666667
768,England,43,106,FIFA World Cup,2022,International,male,5,0.0,0.0,0.0,0.0,0.0,0.0,0.0,0.0,0.0,0.0,0.0,0.0,20.68790085281038,0.17232859789993824,0.17109326744904263,0.0,0.0,647.6,524.8,12.6,97.0,12.4,37.8,9.2,11.4,11.6,14.2,10.6,7.4
785,Croatia,43,106,FIFA World Cup,2022,International,male,7,0.0,0.0,0.0,0.0,0.0,0.0,0.0,0.0,0.0,0.0,0.0,0.0,19.75376473125693,0.21569496785635114,0.1655952117047218,0.0,0.0,644.4285714285714,524.8571428571429,12.428571428571429,135.57142857142858,13.0,47.42857142857143,12.142857142857142,14.428571428571429,22.428571428571427,18.571428571428573,13.285714285714286,10.857142857142858
782,Belgium,43,106,FIFA World Cup,2022,International,male,3,0.0,0.0,0.0,0.0,0.0,0.0,0.0,0.0,0.0,0.0,0.0,0.0,21.224171858810926,0.1328334226031066,0.1735404392072844,0.0,0.0,622.3333333333334,510.3333333333333,11.666666666666666,103.0,12.333333333333334,39.0,7.666666666666667,10.333333333333334,22.0,18.666666666666668,12.333333333333334,9.333333333333334
3565,Ecuador,43,106,FIFA World Cup,2022,International,male,3,0.0,0.0,0.0,0.0,0.0,0.0,0.0,0.0,0.0,0.0,0.0,0.0,21.72585809253628,0.20110573600552867,0.21423635107118175,0.0,0.0,482.3333333333333,358.6666666666667,10.0,139.0,12.0,43.666666666666664,10.666666666666666,16.666666666666668,17.0,20.0,19.0,10.666666666666666
941,Netherlands,43,106,FIFA World Cup,2022,International,male,5,0.0,0.0,0.0,0.0,0.0,0.0,0.0,0.0,0.0,0.0,0.0,0.0,20.204975809717137,0.18302828618968386,0.16838602329450916,0.0,0.0,601.0,449.0,9.6,146.0,12.4,36.8,10.2,19.8,22.0,20.4,12.0,10.8
772,Spain,43,106,FIFA World Cup,2022,International,male,4,0.0,0.0,0.0,0.0,0.0,0.0,0.0,0.0,0.0,0.0,0.0,0.0,19.496794709951455,0.1280020439448135,0.12493612672457843,0.0,0.0,978.5,814.5,12.75,111.25,19.25,47.25,9.25,11.0,8.75,13.75,18.25,13.25
778,Japan,43,106,FIFA World Cup,2022,International,male,4,0.0,0.0,0.0,0.0,0.0,0.0,0.0,0.0,0.0,0.0,0.0,0.0,21.29345604570938,0.19050343249427917,0.19221967963386727,0.0,0.0,437.0,317.5,12.0,173.0,12.25,42.0,12.75,15.75,26.5,25.0,13.75,10.5
1839,United States,43,106,FIFA World Cup,2022,International,male,4,0.0,0.0,0.0,0.0,0.0,0.0,0.0,0.0,0.0,0.0,0.0,0.0,20.662642319831892,0.1717401181281236,0.16946842344388915,0.0,0.0,550.25,459.0,11.5,134.25,14.0,52.5,10.0,12.75,20.5,18.25,19.25,12.75
907,Wales,43,106,FIFA World Cup,2022,International,male,3,0.0,0.0,0.0,0.0,0.0,0.0,0.0,0.0,0.0,0.0,0.0,0.0,23.070813137915742,0.15594974131559497,0.2261640798226164,0.0,0.0,451.0,331.6666666666667,8.0,118.0,11.666666666666666,47.0,8.0,12.666666666666666,26.0,23.666666666666668,14.333333333333334,7.333333333333333
777,Tunisia,43,106,FIFA World Cup,2022,International,male,3,0.0,0.0,0.0,0.0,0.0,0.0,0.0,0.0,0.0,0.0,0.0,0.0,22.412630711161388,0.193815987933635,0.22850678733031674,0.0,0.0,442.0,338.0,10.666666666666666,120.33333333333333,13.333333333333334,59.333333333333336,11.0,13.666666666666666,34.0,23.0,17.333333333333332,17.0
771,France,43,106,FIFA World Cup,2022,International,male,7,0.0,0.0,0.0,0.0,0.0,0.0,0.0,0.0,0.0,0.0,0.0,0.0,20.75187996292664,0.1902699949057565,0.18441161487519103,0.0,0.0,560.8571428571429,453.42857142857144,15.142857142857142,129.28571428571428,18.571428571428573,44.285714285714285,13.571428571428571,10.714285714285714,16.285714285714285,17.857142857142858,14.0,14.0
773,Switzerland,43,106,FIFA World Cup,2022,International,male,4,0.0,0.0,0.0,0.0,0.0,0.0,0.0,0.0,0.0,0.0,0.0,0.0,20.348929327567564,0.18820638820638821,0.1651105651105651,0.0,0.0,508.75,392.75,9.25,111.0,6.25,35.75,10.75,15.25,24.25,13.25,10.25,12.0
2722,Cameroon,43,106,FIFA World Cup,2022,International,male,3,0.0,0.0,0.0,0.0,0.0,0.0,0.0,0.0,0.0,0.0,0.0,0.0,23.82435925027756,0.1586042823156225,0.24662965900079303,0.0,0.0,420.3333333333333,309.6666666666667,9.333333333333334,134.33333333333334,14.333333333333334,47.666666666666664,15.333333333333334,12.0,22.333333333333332,15.333333333333334,9.0,10.666666666666666
780,Portugal,43,106,FIFA World Cup,2022,International,male,5,0.0,0.0,0.0,0.0,0.0,0.0,0.0,0.0,0.0,0.0,0.0,0.0,20.652229033013743,0.203579418344519,0.18024928092042186,0.0,0.0,625.8,502.8,13.2,106.0,13.0,41.6,6.0,11.8,17.4,14.8,12.0,6.8
4885,Ghana,43,106,FIFA World Cup,2022,International,male,3,0.0,0.0,0.0,0.0,0.0,0.0,0.0,0.0,0.0,0.0,0.0,0.0,21.057646558733975,0.18509615384615385,0.1987179487179487,0.0,0.0,416.0,329.6666666666667,8.333333333333334,137.33333333333334,20.333333333333332,49.666666666666664,9.0,17.0,31.666666666666668,23.666666666666668,11.333333333333334,15.0
787,Senegal,43,106,FIFA World Cup,2022,International,male,4,0.0,0.0,0.0,0.0,0.0,0.0,0.0,0.0,0.0,0.0,0.0,0.0,22.334686091067216,0.19870283018867924,0.23054245283018868,0.0,0.0,424.0,323.0,12.5,128.0,13.25,48.25,7.75,12.25,28.25,15.25,13.25,12.0
789,Poland,43,106,FIFA World Cup,2022,International,male,4,0.0,0.0,0.0,0.0,0.0,0.0,0.0,0.0,0.0,0.0,0.0,0.0,23.143294785688976,0.18503937007874016,0.22769028871391075,0.0,0.0,381.0,270.25,7.75,115.75,9.75,37.5,9.5,13.0,27.75,19.25,12.25,12.25
799,Saudi Arabia,43,106,FIFA World Cup,2022,International,male,3,0.0,0.0,0.0,0.0,0.0,0.0,0.0,0.0,0.0,0.0,0.0,0.0,21.9918784305042,0.2092436974789916,0.2134453781512605,0.0,0.0,396.6666666666667,289.0,10.0,131.0,13.666666666666666,52.666666666666664,13.666666666666666,19.666666666666668,25.333333333333332,19.333333333333332,18.0,7.0
3566,Qatar,43,106,FIFA World Cup,2022,International,male,3,0.0,0.0,0.0,0.0,0.0,0.0,0.0,0.0,0.0,0.0,0.0,0.0,21.845351615789472,0.17425320056899005,0.21337126600284495,0.0,0.0,468.6666666666667,365.6666666666667,6.666666666666667,125.0,11.666666666666666,40.666666666666664,9.0,12.0,18.666666666666668,13.333333333333334,12.666666666666666,8.666666666666666
776,Denmark,43,106,FIFA World Cup,2022,International,male,3,0.0,0.0,0.0,0.0,0.0,0.0,0.0,0.0,0.0,0.0,0.0,0.0,20.81899353677386,0.17427385892116182,0.17894190871369295,0.0,0.0,642.6666666666666,542.3333333333334,11.666666666666666,112.33333333333333,15.666666666666666,43.0,11.0,11.333333333333334,21.333333333333332,19.666666666666668,14.666666666666666,11.333333333333334
770,Germany,43,106,FIFA World Cup,2022,International,male,3,0.0,0.0,0.0,0.0,0.0,0.0,0.0,0.0,0.0,0.0,0.0,0.0,20.127762538588897,0.18135506877228733,0.17218543046357615,0.0,0.0,654.3333333333334,494.3333333333333,22.666666666666668,128.0,20.666666666666668,52.666666666666664,11.0,10.333333333333334,10.333333333333334,20.0,11.333333333333334,14.333333333333334
794,Mexico,43,106,FIFA World Cup,2022,International,male,3,0.0,0.0,0.0,0.0,0.0,0.0,0.0,0.0,0.0,0.0,0.0,0.0,22.415892758223,0.14634146341463414,0.2146341463414634,0.0,0.0,478.3333333333333,366.3333333333333,13.666666666666666,127.33333333333333,10.666666666666666,49.0,13.0,17.666666666666668,19.0,15.666666666666666,15.0,12.666666666666666
781,Brazil,43,106,FIFA World Cup,2022,International,male,5,0.0,0.0,0.0,0.0,0.0,0.0,0.0,0.0,0.0,0.0,0.0,0.0,18.90937973585732,0.2065081351689612,0.1367334167709637,0.0,0.0,639.2,532.8,19.8,121.0,20.0,53.4,8.4,13.2,13.8,17.6,13.6,13.6
779,Argentina,43,106,FIFA World Cup,2022,International,male,7,0.0,0.0,0.0,0.0,0.0,0.0,0.0,0.0,0.0,0.0,0.0,0.0,19.60913738424702,0.20130010834236187,0.1562296858071506,0.0,0.0,659.2857142857143,537.5714285714286,15.714285714285714,140.0,17.428571428571427,46.42857142857143,10.0,16.285714285714285,20.142857142857142,18.0,13.0,12.857142857142858
795,Costa Rica,43,106,FIFA World Cup,2022,International,male,3,0.0,0.0,0.0,0.0,0.0,0.0,0.0,0.0,0.0,0.0,0.0,0.0,22.987958703747715,0.19744058500914077,0.21937842778793418,0.0,0.0,364.6666666666667,267.0,3.6666666666666665,145.0,11.333333333333334,44.333333333333336,12.0,10.333333333333334,27.0,21.0,13.0,11.666666666666666
786,Serbia,43,106,FIFA World Cup,2022,International,male,3,0.0,0.0,0.0,0.0,0.0,0.0,0.0,0.0,0.0,0.0,0.0,0.0,21.555285989421158,0.20026613439787092,0.1936127744510978,0.0,0.0,501.0,385.6666666666667,10.666666666666666,120.0,7.666666666666667,46.0,8.333333333333334,16.0,20.333333333333332,22.0,13.333333333333334,9.333333333333334
792,Australia,43,106,FIFA World Cup,2022,International,male,4,0.0,0.0,0.0,0.0,0.0,0.0,0.0,0.0,0.0,0.0,0.0,0.0,22.856639979396604,0.18570591681312243,0.22378441710603397,0.0,0.0,426.75,290.25,6.5,137.25,12.0,43.0,10.5,15.0,23.75,27.5,15.0,10.25
791,South Korea,43,106,FIFA World Cup,2022,International,male,4,0.0,0.0,0.0,0.0,0.0,0.0,0.0,0.0,0.0,0.0,0.0,0.0,22.160006948731972,0.18846345101939332,0.2222774738935853,0.0,0.0,502.75,387.5,12.0,128.75,10.5,46.5,11.75,11.75,20.25,15.75,10.0,11.25
783,Uruguay,43,106,FIFA World Cup,2022,International,male,3,0.0,0.0,0.0,0.0,0.0,0.0,0.0,0.0,0.0,0.0,0.0,0.0,21.78918073493568,0.16655382532159782,0.2098849018280298,0.0,0.0,492.3333333333333,350.3333333333333,11.0,124.66666666666667,11.333333333333334,41.0,12.0,11.333333333333334,24.333333333333332,23.333333333333332,14.666666666666666,11.0
781,Brazil,43,3,FIFA World Cup,2018,International,male,5,0.0,0.0,0.0,0.0,0.0,0.0,0.0,0.0,0.0,0.0,0.0,0.0,18.64065380075862,0.22344827586206897,0.14448275862068966,0.0,0.0,580.0,523.0,20.6,173.6,24.4,47.4,10.8,11.6,13.2,20.2,13.4,12.8
782,Belgium,43,3,FIFA World Cup,2018,International,male,7,0.0,0.0,0.0,0.0,0.0,0.0,0.0,0.0,0.0,0.0,0.0,0.0,20.59162042820852,0.17623709976184176,0.1661815295051601,0.0,0.0,539.8571428571429,461.57142857142856,15.428571428571429,204.57142857142858,16.285714285714285,41.285714285714285,8.142857142857142,15.142857142857142,16.142857142857142,13.571428571428571,9.428571428571429,7.571428571428571
778,Japan,43,3,FIFA World Cup,2018,International,male,4,0.0,0.0,0.0,0.0,0.0,0.0,0.0,0.0,0.0,0.0,0.0,0.0,20.261249436558142,0.20232558139534884,0.16930232558139535,0.0,0.0,537.5,424.25,11.0,165.25,10.5,35.5,10.5,10.75,21.5,15.0,10.0,10.5
768,England,43,3,FIFA World Cup,2018,International,male,7,0.0,0.0,0.0,0.0,0.0,0.0,0.0,0.0,0.0,0.0,0.0,0.0,21.297978632737074,0.1908845871110022,0.19946091644204852,0.0,0.0,583.0,478.0,14.428571428571429,195.0,17.285714285714285,44.857142857142854,6.285714285714286,10.714285714285714,13.857142857142858,17.571428571428573,12.285714285714286,8.0
798,Panama,43,3,FIFA World Cup,2018,International,male,3,0.0,0.0,0.0,0.0,0.0,0.0,0.0,0.0,0.0,0.0,0.0,0.0,22.464516878133836,0.22808671065032987,0.2412818096135721,0.0,0.0,353.6666666666667,276.6666666666667,8.0,192.0,12.666666666666666,37.0,12.333333333333334,17.666666666666668,17.0,10.666666666666666,11.0,7.666666666666667
787,Senegal,43,3,FIFA World Cup,2018,International,male,3,0.0,0.0,0.0,0.0,0.0,0.0,0.0,0.0,0.0,0.0,0.0,0.0,23.94442943430127,0.2014519056261343,0.2631578947368421,0.0,0.0,367.3333333333333,276.3333333333333,9.666666666666666,192.33333333333334,14.666666666666666,43.666666666666664,14.333333333333334,15.666666666666666,13.0,13.666666666666666,14.666666666666666,6.666666666666667
789,Poland,43,3,FIFA World Cup,2018,International,male,3,0.0,0.0,0.0,0.0,0.0,0.0,0.0,0.0,0.0,0.0,0.0,0.0,22.362167837336813,0.16514360313315926,0.24281984334203655,0.0,0.0,510.6666666666667,392.0,10.666666666666666,167.33333333333334,14.666666666666666,38.666666666666664,11.666666666666666,11.0,16.666666666666668,13.333333333333334,14.666666666666666,7.666666666666667
773,Switzerland,43,3,FIFA World Cup,2018,International,male,4,0.0,0.0,0.0,0.0,0.0,0.0,0.0,0.0,0.0,0.0,0.0,0.0,21.738563884653463,0.1566156615661566,0.21242124212421243,0.0,0.0,555.5,462.5,13.75,176.5,15.5,44.25,9.25,15.0,13.5,15.25,10.75,5.75
786,Serbia,43,3,FIFA World Cup,2018,International,male,3,0.0,0.0,0.0,0.0,0.0,0.0,0.0,0.0,0.0,0.0,0.0,0.0,22.466517505109486,0.19302514193025141,0.22627737226277372,0.0,0.0,411.0,331.0,11.666666666666666,263.3333333333333,15.333333333333334,47.333333333333336,8.333333333333334,15.666666666666666,18.333333333333332,17.333333333333332,14.333333333333334,10.0
791,South Korea,43,3,FIFA World Cup,2018,International,male,3,0.0,0.0,0.0,0.0,0.0,0.0,0.0,0.0,0.0,0.0,0.0,0.0,22.861039822777222,0.2047952047952048,0.24675324675324675,0.0,0.0,333.6666666666667,279.0,11.333333333333334,222.33333333333334,18.333333333333332,41.333333333333336,6.333333333333333,21.333333333333332,21.333333333333332,21.0,10.0,11.333333333333334
790,Sweden,43,3,FIFA World Cup,2018,International,male,5,0.0,0.0,0.0,0.0,0.0,0.0,0.0,0.0,0.0,0.0,0.0,0.0,23.861653721629718,0.16896345116836428,0.26003594967046134,0.0,0.0,333.8,227.0,11.6,205.4,10.4,35.4,8.6,16.0,28.2,22.2,10.0,4.8
794,Mexico,43,3,FIFA World Cup,2018,International,male,4,0.0,0.0,0.0,0.0,0.0,0.0,0.0,0.0,0.0,0.0,0.0,0.0,22.15094935318907,0.16343963553530752,0.20444191343963553,0.0,0.0,439.0,392.25,15.5,169.0,27.25,44.25,11.5,14.5,12.0,21.5,10.0,10.25
770,Germany,43,3,FIFA World Cup,2018,International,male,3,0.0,0.0,0.0,0.0,0.0,0.0,0.0,0.0,0.0,0.0,0.0,0.0,20.058014535007246,0.18879768227909222,0.1704490584258812,0.0,0.0,690.3333333333334,604.0,24.333333333333332,149.33333333333334,15.333333333333334,47.666666666666664,5.666666666666667,10.666666666666666,7.333333333333333,15.666666666666666,7.666666666666667,7.333333333333333
772,Spain,43,3,FIFA World Cup,2018,International,male,4,0.0,0.0,0.0,0.0,0.0,0.0,0.0,0.0,0.0,0.0,0.0,0.0,18.690508173930407,0.21505989731888192,0.13462635482030805,0.0,0.0,876.5,716.5,19.25,154.25,25.25,41.5,7.5,9.5,7.25,11.5,12.5,7.75
797,Iran,43,3,FIFA World Cup,2018,International,male,3,0.0,0.0,0.0,0.0,0.0,0.0,0.0,0.0,0.0,0.0,0.0,0.0,26.48425208372396,0.16927083333333334,0.328125,0.0,0.0,256.0,170.0,7.666666666666667,201.33333333333334,11.666666666666666,45.666666666666664,13.0,15.333333333333334,14.333333333333334,18.0,10.0,3.3333333333333335
799,Saudi Arabia,43,3,FIFA World Cup,2018,International,male,3,0.0,0.0,0.0,0.0,0.0,0.0,0.0,0.0,0.0,0.0,0.0,0.0,19.603404768306007,0.2540983606557377,0.17158469945355193,0.0,0.0,610.0,514.0,11.666666666666666,164.0,19.666666666666668,44.666666666666664,14.666666666666666,11.0,10.0,15.0,17.333333333333332,8.0
783,Uruguay,43,3,FIFA World Cup,2018,International,male,5,0.0,0.0,0.0,0.0,0.0,0.0,0.0,0.0,0.0,0.0,0.0,0.0,21.688998049674336,0.16804168475901,0.20234476769431176,0.0,0.0,460.6,358.6,12.6,174.0,13.2,49.8,12.4,15.0,13.8,17.4,13.8,10.2
771,France,43,3,FIFA World Cup,2018,International,male,7,0.0,0.0,0.0,0.0,0.0,0.0,0.0,0.0,0.0,0.0,0.0,0.0,20.555911239122427,0.22338140533906106,0.19177661859466094,0.0,0.0,465.57142857142856,391.14285714285717,11.714285714285714,187.71428571428572,19.714285714285715,45.285714285714285,11.428571428571429,14.142857142857142,17.428571428571427,14.285714285714286,12.142857142857142,12.428571428571429
784,Peru,43,3,FIFA World Cup,2018,International,male,3,0.0,0.0,0.0,0.0,0.0,0.0,0.0,0.0,0.0,0.0,0.0,0.0,20.824233217043847,0.2157001414427157,0.1867043847241867,0.0,0.0,471.3333333333333,380.0,11.0,160.66666666666666,15.666666666666666,49.333333333333336,8.333333333333334,12.666666666666666,18.0,16.333333333333332,14.666666666666666,10.333333333333334
785,Croatia,43,3,FIFA World Cup,2018,International,male,7,0.0,0.0,0.0,0.0,0.0,0.0,0.0,0.0,0.0,0.0,0.0,0.0,21.703807623536644,0.18568617806197737,0.21421544515494342,0.0,0.0,580.8571428571429,441.85714285714283,17.714285714285715,164.28571428571428,15.571428571428571,48.0,8.714285714285714,17.428571428571427,22.0,16.142857142857142,12.285714285714286,8.285714285714286
779,Argentina,43,3,FIFA World Cup,2018,International,male,4,0.0,0.0,0.0,0.0,0.0,0.0,0.0,0.0,0.0,0.0,0.0,0.0,19.598675669809023,0.20195042665583096,0.1653799268590004,0.0,0.0,615.25,528.75,14.5,158.5,20.0,49.0,8.5,15.5,8.75,13.5,10.5,11.25
769,Colombia,43,3,FIFA World Cup,2018,International,male,4,0.0,0.0,0.0,0.0,0.0,0.0,0.0,0.0,0.0,0.0,0.0,0.0,21.94785091987952,0.17319277108433734,0.2073293172690763,0.0,0.0,498.0,406.5,11.5,188.5,19.75,56.25,8.5,16.25,18.0,16.0,15.75,9.0
777,Tunisia,43,3,FIFA World Cup,2018,International,male,3,0.0,0.0,0.0,0.0,0.0,0.0,0.0,0.0,0.0,0.0,0.0,0.0,21.169131501618338,0.18476062036412677,0.1968981793661497,0.0,0.0,494.3333333333333,398.0,12.666666666666666,228.0,13.0,33.666666666666664,11.666666666666666,16.666666666666668,7.666666666666667,16.666666666666668,13.0,7.333333333333333
793,Iceland,43,3,FIFA World Cup,2018,International,male,3,0.0,0.0,0.0,0.0,0.0,0.0,0.0,0.0,0.0,0.0,0.0,0.0,24.313044179306488,0.2214765100671141,0.29082774049217003,0.0,0.0,298.0,209.66666666666666,12.0,231.0,11.666666666666666,43.0,14.666666666666666,14.333333333333334,16.666666666666668,17.333333333333332,8.666666666666666,10.666666666666666
774,Egypt,43,3,FIFA World Cup,2018,International,male,3,0.0,0.0,0.0,0.0,0.0,0.0,0.0,0.0,0.0,0.0,0.0,0.0,21.407341378678677,0.21021021021021022,0.20345345345345345,0.0,0.0,444.0,322.0,10.333333333333334,169.33333333333334,11.333333333333334,43.0,13.666666666666666,14.666666666666666,18.666666666666668,18.0,9.666666666666666,8.666666666666666
796,Russia,43,3,FIFA World Cup,2018,International,male,5,0.0,0.0,0.0,0.0,0.0,0.0,0.0,0.0,0.0,0.0,0.0,0.0,23.385317388574318,0.2199191102123357,0.2527805864509606,0.0,0.0,395.6,257.2,11.8,205.4,11.4,43.0,9.8,19.4,25.8,22.6,14.2,10.4
780,Portugal,43,3,FIFA World Cup,2018,International,male,4,0.0,0.0,0.0,0.0,0.0,0.0,0.0,0.0,0.0,0.0,0.0,0.0,20.601829900846614,0.2051792828685259,0.20169322709163345,0.0,0.0,502.0,404.0,14.5,162.5,17.0,46.0,7.25,13.25,13.75,18.25,9.5,12.75
788,Morocco,43,3,FIFA World Cup,2018,International,male,3,0.0,0.0,0.0,0.0,0.0,0.0,0.0,0.0,0.0,0.0,0.0,0.0,21.207038502535656,0.22979397781299524,0.21553090332805072,0.0,0.0,420.6666666666667,328.3333333333333,13.0,178.66666666666666,22.666666666666668,45.666666666666664,10.333333333333334,21.0,15.0,17.333333333333332,10.333333333333334,10.0
795,Costa Rica,43,3,FIFA World Cup,2018,International,male,3,0.0,0.0,0.0,0.0,0.0,0.0,0.0,0.0,0.0,0.0,0.0,0.0,22.877008329199647,0.18117854001759015,0.2436235708003518,0.0,0.0,379.0,284.3333333333333,9.333333333333334,121.0,15.0,47.0,10.0,16.666666666666668,19.0,19.666666666666668,11.0,13.666666666666666
776,Denmark,43,3,FIFA World Cup,2018,International,male,4,0.0,0.0,0.0,0.0,0.0,0.0,0.0,0.0,0.0,0.0,0.0,0.0,23.547177660843044,0.165834719911259,0.23960066555740434,0.0,0.0,450.75,367.5,11.25,169.25,15.0,43.75,11.0,14.5,18.0,21.0,14.5,7.0
775,Nigeria,43,3,FIFA World Cup,2018,International,male,3,0.0,0.0,0.0,0.0,0.0,0.0,0.0,0.0,0.0,0.0,0.0,0.0,22.188549797413792,0.1865203761755486,0.219435736677116,0.0,0.0,425.3333333333333,322.3333333333333,13.0,195.33333333333334,18.666666666666668,49.333333333333336,13.666666666666666,15.333333333333334,15.666666666666666,13.666666666666666,15.333333333333334,9.666666666666666
792,Australia,43,3,FIFA World Cup,2018,International,male,3,0.0,0.0,0.0,0.0,0.0,0.0,0.0,0.0,0.0,0.0,0.0,0.0,21.446370845618556,0.14368556701030927,0.19329896907216496,0.0,0.0,517.3333333333334,404.0,11.333333333333334,175.0,12.666666666666666,43.666666666666664,8.0,12.666666666666666,15.0,19.333333333333332,11.333333333333334,16.666666666666668
746,Manchester City WFC,37,4,FA Women's Super League,2018/2019,England,female,20,0.0,0.0,0.0,0.0,0.0,0.0,0.0,0.0,0.0,0.0,0.0,0.0,21.026042702022806,0.1676517106467993,0.19870140680928994,0.0,0.0,600.65,511.25,19.45,154.2,23.15,64.2,8.6,9.55,16.35,20.5,18.6,13.0
968,Arsenal WFC,37,4,FA Women's Super League,2018/2019,England,female,20,0.0,0.0,0.0,0.0,0.0,0.0,0.0,0.0,0.0,0.0,0.0,0.0,21.09950263775279,0.14853556485355648,0.19116108786610878,0.0,0.0,573.6,502.6,18.65,131.45,20.25,64.2,8.3,8.85,18.4,16.15,16.1,14.5
974,Reading WFC,37,4,FA Women's Super League,2018/2019,England,female,20,0.0,0.0,0.0,0.0,0.0,0.0,0.0,0.0,0.0,0.0,0.0,0.0,21.351679631430628,0.18646508279337654,0.21156021803969968,0.0,0.0,486.15,391.4,14.75,135.0,15.7,68.85,7.05,10.4,24.5,18.35,18.25,15.2
971,Chelsea FCW,37,4,FA Women's Super League,2018/2019,England,female,19,0.0,0.0,0.0,0.0,0.0,0.0,0.0,0.0,0.0,0.0,0.0,0.0,21.86585041574225,0.16240710531085736,0.21524379191589632,0.0,0.0,580.7368421052631,489.05263157894734,20.63157894736842,128.1578947368421,17.94736842105263,61.31578947368421,8.263157894736842,7.368421052631579,15.894736842105264,16.94736842105263,14.052631578947368,13.894736842105264
972,West Ham United LFC,37,4,FA Women's Super League,2018/2019,England,female,20,0.0,0.0,0.0,0.0,0.0,0.0,0.0,0.0,0.0,0.0,0.0,0.0,22.93153167572995,0.15533756491633005,0.24443162146566647,0.0,0.0,433.25,346.15,10.85,147.3,17.1,59.2,9.7,11.45,23.05,19.2,17.95,14.9
965,Brighton & Hove Albion WFC,37,4,FA Women's Super League,2018/2019,England,female,19,0.0,0.0,0.0,0.0,0.0,0.0,0.0,0.0,0.0,0.0,0.0,0.0,22.6875258959662,0.17743254292722813,0.24270918506405015,0.0,0.0,386.2105263157895,306.7894736842105,10.894736842105264,169.1578947368421,14.421052631578947,62.0,12.0,10.789473684210526,25.157894736842106,19.36842105263158,18.473684210526315,13.526315789473685
967,Everton LFC,37,4,FA Women's Super League,2018/2019,England,female,19,0.0,0.0,0.0,0.0,0.0,0.0,0.0,0.0,0.0,0.0,0.0,0.0,21.798370052099784,0.18290083991475492,0.22050896326939953,0.0,0.0,419.8421052631579,320.1578947368421,12.105263157894736,181.94736842105263,15.894736842105264,63.1578947368421,10.578947368421053,9.526315789473685,28.736842105263158,21.842105263157894,15.368421052631579,12.68421052631579
969,Birmingham City WFC,37,4,FA Women's Super League,2018/2019,England,female,19,0.0,0.0,0.0,0.0,0.0,0.0,0.0,0.0,0.0,0.0,0.0,0.0,20.942242278416433,0.16790433021506412,0.1858424148905391,0.0,0.0,545.7368421052631,474.7894736842105,13.368421052631579,136.0,21.157894736842106,62.05263157894737,9.842105263157896,9.842105263157896,19.789473684210527,18.0,17.36842105263158,16.05263157894737
970,Yeovil Town LFC,37,4,FA Women's Super League,2018/2019,England,female,19,0.0,0.0,0.0,0.0,0.0,0.0,0.0,0.0,0.0,0.0,0.0,0.0,25.702891102340946,0.1812346611289409,0.32188030960921277,0.0,0.0,278.7894736842105,205.78947368421052,6.7894736842105265,179.52631578947367,14.526315789473685,60.1578947368421,9.894736842105264,10.105263157894736,37.0,22.789473684210527,14.894736842105264,12.736842105263158
973,Bristol City WFC,37,4,FA Women's Super League,2018/2019,England,female,20,0.0,0.0,0.0,0.0,0.0,0.0,0.0,0.0,0.0,0.0,0.0,0.0,24.428906990148615,0.17205454266891373,0.27378581277769265,0.0,0.0,326.35,254.55,7.65,196.6,16.15,65.45,9.9,9.35,34.55,19.3,17.0,15.55
966,Liverpool WFC,37,4,FA Women's Super League,2018/2019,England,female,19,0.0,0.0,0.0,0.0,0.0,0.0,0.0,0.0,0.0,0.0,0.0,0.0,22.780983482467164,0.16661907481439178,0.23829240434037693,0.0,0.0,368.63157894736844,280.10526315789474,9.31578947368421,189.68421052631578,20.526315789473685,64.21052631578948,11.473684210526315,10.842105263157896,30.42105263157895,20.63157894736842,16.263157894736842,14.368421052631579
967,Everton LFC,37,90,FA Women's Super League,2020/2021,England,female,22,0.0,0.0,0.0,0.0,0.0,0.0,0.0,0.0,0.0,0.0,0.0,0.0,20.623871799143956,0.18658280922431866,0.18387491264849756,0.0,0.0,520.3636363636364,398.3636363636364,11.545454545454545,165.5,17.318181818181817,57.5,12.909090909090908,11.0,25.59090909090909,20.181818181818183,17.681818181818183,13.681818181818182
1475,Manchester United W,37,90,FA Women's Super League,2020/2021,England,female,22,0.0,0.0,0.0,0.0,0.0,0.0,0.0,0.0,0.0,0.0,0.0,0.0,20.516762914015185,0.1902953977220113,0.18751736271877026,0.0,0.0,490.8636363636364,382.09090909090907,17.363636363636363,161.0909090909091,19.818181818181817,61.13636363636363,12.272727272727273,10.727272727272727,25.90909090909091,20.681818181818183,15.454545454545455,13.0
972,West Ham United LFC,37,90,FA Women's Super League,2020/2021,England,female,22,0.0,0.0,0.0,0.0,0.0,0.0,0.0,0.0,0.0,0.0,0.0,0.0,22.561810651435962,0.17710558866524231,0.24479928033284606,0.0,0.0,404.22727272727275,284.3636363636364,10.409090909090908,178.9090909090909,17.227272727272727,60.0,13.727272727272727,11.272727272727273,31.5,21.59090909090909,16.318181818181817,11.454545454545455
749,Tottenham Hotspur Women,37,90,FA Women's Super League,2020/2021,England,female,21,0.0,0.0,0.0,0.0,0.0,0.0,0.0,0.0,0.0,0.0,0.0,0.0,21.412670808593614,0.17268153980752407,0.21084864391951005,0.0,0.0,435.42857142857144,340.3809523809524,9.476190476190476,160.9047619047619,18.428571428571427,59.76190476190476,11.571428571428571,11.761904761904763,26.0,20.047619047619047,18.761904761904763,16.238095238095237
965,Brighton & Hove Albion WFC,37,90,FA Women's Super League,2020/2021,England,female,22,0.0,0.0,0.0,0.0,0.0,0.0,0.0,0.0,0.0,0.0,0.0,0.0,21.718416153887414,0.1989848886838159,0.22759257123082247,0.0,0.0,394.04545454545456,287.77272727272725,9.590909090909092,173.0,13.590909090909092,57.81818181818182,13.227272727272727,9.5,31.727272727272727,23.863636363636363,16.0,13.090909090909092
2647,Aston Villa W,37,90,FA Women's Super League,2020/2021,England,female,22,0.0,0.0,0.0,0.0,0.0,0.0,0.0,0.0,0.0,0.0,0.0,0.0,22.183812851270797,0.19546705096292413,0.23961745054369185,0.0,0.0,346.95454545454544,266.95454545454544,7.2727272727272725,180.9090909090909,21.772727272727273,60.77272727272727,21.5,10.681818181818182,31.454545454545453,23.40909090909091,17.045454545454547,17.40909090909091
969,Birmingham City WFC,37,90,FA Women's Super League,2020/2021,England,female,21,0.0,0.0,0.0,0.0,0.0,0.0,0.0,0.0,0.0,0.0,0.0,0.0,22.95695680531195,0.21162858816637375,0.24502050380785004,0.0,0.0,325.14285714285717,242.1904761904762,5.619047619047619,170.47619047619048,13.428571428571429,56.38095238095238,12.285714285714286,10.380952380952381,27.61904761904762,23.238095238095237,15.619047619047619,15.047619047619047
746,Manchester City WFC,37,90,FA Women's Super League,2020/2021,England,female,22,0.0,0.0,0.0,0.0,0.0,0.0,0.0,0.0,0.0,0.0,0.0,0.0,19.64875975148465,0.18493770446161342,0.15772255864133083,0.0,0.0,653.0454545454545,543.0454545454545,19.318181818181817,144.4090909090909,25.636363636363637,59.90909090909091,10.772727272727273,8.181818181818182,17.454545454545453,17.954545454545453,16.045454545454547,13.954545454545455
968,Arsenal WFC,37,90,FA Women's Super League,2020/2021,England,female,22,0.0,0.0,0.0,0.0,0.0,0.0,0.0,0.0,0.0,0.0,0.0,0.0,20.701639967013445,0.16643899633330936,0.18628226328276656,0.0,0.0,632.2272727272727,535.8636363636364,16.772727272727273,122.13636363636364,21.59090909090909,63.77272727272727,10.090909090909092,6.909090909090909,16.727272727272727,17.545454545454547,15.409090909090908,16.181818181818183
971,Chelsea FCW,37,90,FA Women's Super League,2020/2021,England,female,22,0.0,0.0,0.0,0.0,0.0,0.0,0.0,0.0,0.0,0.0,0.0,0.0,21.782607556270573,0.15718551412602405,0.20940203659750403,0.0,0.0,593.6818181818181,465.22727272727275,19.545454545454547,144.86363636363637,14.954545454545455,56.86363636363637,12.818181818181818,9.181818181818182,22.681818181818183,19.318181818181817,15.0,10.727272727272727
974,Reading WFC,37,90,FA Women's Super League,2020/2021,England,female,22,0.0,0.0,0.0,0.0,0.0,0.0,0.0,0.0,0.0,0.0,0.0,0.0,21.5279286880774,0.18834911486208317,0.2184026348291478,0.0,0.0,441.6363636363636,342.3636363636364,12.863636363636363,161.77272727272728,16.181818181818183,61.86363636363637,13.681818181818182,10.227272727272727,29.545454545454547,22.227272727272727,17.181818181818183,16.59090909090909
973,Bristol City WFC,37,90,FA Women's Super League,2020/2021,England,female,22,0.0,0.0,0.0,0.0,0.0,0.0,0.0,0.0,0.0,0.0,0.0,0.0,23.975287075770062,0.17657266811279826,0.2701373825018077,0.0,0.0,314.3181818181818,227.27272727272728,8.545454545454545,173.22727272727272,17.181818181818183,58.31818181818182,16.363636363636363,10.272727272727273,30.818181818181817,25.272727272727273,14.772727272727273,14.5
217,Barcelona,11,90,La Liga,2020/2021,Spain,male,35,0.0,0.0,0.0,0.0,0.0,0.0,0.0,0.0,0.0,0.0,0.0,0.0,17.696777331996426,0.23042140061557168,0.11323479119960482,0.0,0.0,751.9142857142857,627.3428571428572,15.514285714285714,132.25714285714287,20.97142857142857,39.97142857142857,9.028571428571428,10.342857142857143,12.542857142857143,16.085714285714285,9.342857142857143,10.314285714285715
206,Deportivo Alavés,11,90,La Liga,2020/2021,Spain,male,2,0.0,0.0,0.0,0.0,0.0,0.0,0.0,0.0,0.0,0.0,0.0,0.0,23.878029820393557,0.20214669051878353,0.26654740608228983,0.0,0.0,279.5,194.5,5.0,211.0,10.0,40.0,14.0,17.5,21.5,26.0,9.5,10.0
1049,Granada,11,90,La Liga,2020/2021,Spain,male,2,0.0,0.0,0.0,0.0,0.0,0.0,0.0,0.0,0.0,0.0,0.0,0.0,24.319669192669178,0.18421052631578946,0.2518796992481203,0.0,0.0,266.0,202.5,6.5,182.0,11.0,35.0,13.5,22.0,17.0,21.0,12.5,10.0
209,Celta Vigo,11,90,La Liga,2020/2021,Spain,male,2,0.0,0.0,0.0,0.0,0.0,0.0,0.0,0.0,0.0,0.0,0.0,0.0,19.59580039377778,0.21444444444444444,0.15555555555555556,0.0,0.0,450.0,321.5,7.0,210.0,13.0,39.5,12.0,23.5,19.0,19.0,11.5,10.5
218,Real Betis,11,90,La Liga,2020/2021,Spain,male,2,0.0,0.0,0.0,0.0,0.0,0.0,0.0,0.0,0.0,0.0,0.0,0.0,21.51280005773196,0.1672394043528064,0.19931271477663232,0.0,0.0,436.5,353.5,10.0,158.5,13.5,40.0,6.0,17.0,13.5,16.0,13.5,8.5
422,Osasuna,11,90,La Liga,2020/2021,Spain,male,2,0.0,0.0,0.0,0.0,0.0,0.0,0.0,0.0,0.0,0.0,0.0,0.0,23.129760631874998,0.16625,0.2375,0.0,0.0,400.0,291.0,10.0,170.0,8.5,39.5,9.5,10.0,18.5,14.5,12.0,8.0
220,Real Madrid,11,90,La Liga,2020/2021,Spain,male,2,0.0,0.0,0.0,0.0,0.0,0.0,0.0,0.0,0.0,0.0,0.0,0.0,19.492970212274678,0.2607296137339056,0.16523605150214593,0.0,0.0,466.0,379.0,15.0,208.0,17.5,52.5,13.5,17.0,14.5,29.5,9.5,10.0
221,Levante UD,11,90,La Liga,2020/2021,Spain,male,2,0.0,0.0,0.0,0.0,0.0,0.0,0.0,0.0,0.0,0.0,0.0,0.0,21.412055757990313,0.17796610169491525,0.20944309927360774,0.0,0.0,413.0,317.5,11.0,169.5,16.0,36.0,20.5,16.0,22.5,22.0,7.5,5.5
222,Villarreal,11,90,La Liga,2020/2021,Spain,male,2,0.0,0.0,0.0,0.0,0.0,0.0,0.0,0.0,0.0,0.0,0.0,0.0,19.192558870688032,0.18190386427898209,0.14326107445805844,0.0,0.0,530.5,437.5,7.5,118.5,19.0,46.0,7.5,14.0,8.5,19.5,9.0,9.5
902,Huesca,11,90,La Liga,2020/2021,Spain,male,2,0.0,0.0,0.0,0.0,0.0,0.0,0.0,0.0,0.0,0.0,0.0,0.0,20.681889772166247,0.19269521410579346,0.19143576826196473,0.0,0.0,397.0,326.0,6.0,230.0,18.5,45.0,11.5,15.0,18.0,20.5,13.0,8.0
213,Sevilla,11,90,La Liga,2020/2021,Spain,male,2,0.0,0.0,0.0,0.0,0.0,0.0,0.0,0.0,0.0,0.0,0.0,0.0,20.856918194867095,0.16315307057745188,0.16681943171402383,0.0,0.0,545.5,485.5,6.5,188.5,10.5,42.0,9.5,22.5,14.5,15.0,9.0,13.5
216,Getafe,11,90,La Liga,2020/2021,Spain,male,2,0.0,0.0,0.0,0.0,0.0,0.0,0.0,0.0,0.0,0.0,0.0,0.0,25.73437267677824,0.20292887029288703,0.3054393305439331,0.0,0.0,239.0,172.0,7.0,211.0,11.5,41.5,14.5,19.5,19.5,23.0,8.0,6.0
212,Atlético Madrid,11,90,La Liga,2020/2021,Spain,male,2,0.0,0.0,0.0,0.0,0.0,0.0,0.0,0.0,0.0,0.0,0.0,0.0,20.395421938029557,0.21083743842364533,0.18423645320197043,0.0,0.0,507.5,387.5,10.0,179.5,20.0,32.5,19.5,23.0,12.0,14.0,8.5,12.0
207,Valencia,11,90,La Liga,2020/2021,Spain,male,2,0.0,0.0,0.0,0.0,0.0,0.0,0.0,0.0,0.0,0.0,0.0,0.0,22.39739358550725,0.21304347826086956,0.22608695652173913,0.0,0.0,345.0,274.0,10.0,126.0,5.5,41.0,12.0,15.5,23.0,22.5,9.5,7.5
210,Real Sociedad,11,90,La Liga,2020/2021,Spain,male,2,0.0,0.0,0.0,0.0,0.0,0.0,0.0,0.0,0.0,0.0,0.0,0.0,20.579812497951806,0.20963855421686747,0.18795180722891566,0.0,0.0,415.0,325.0,11.0,206.5,22.0,41.5,12.0,13.5,10.5,18.0,16.5,8.0
901,Real Valladolid,11,90,La Liga,2020/2021,Spain,male,2,0.0,0.0,0.0,0.0,0.0,0.0,0.0,0.0,0.0,0.0,0.0,0.0,22.21460709497549,0.19607843137254902,0.22181372549019607,0.0,0.0,408.0,303.0,9.5,181.0,14.0,45.5,19.0,13.5,12.5,21.0,8.5,7.5
552,Cádiz,11,90,La Liga,2020/2021,Spain,male,2,0.0,0.0,0.0,0.0,0.0,0.0,0.0,0.0,0.0,0.0,0.0,0.0,27.86740699379475,0.22911694510739858,0.31742243436754175,0.0,0.0,209.5,139.0,5.5,121.5,10.0,35.5,22.5,13.0,30.5,34.0,15.0,5.5
215,Athletic Club,11,90,La Liga,2020/2021,Spain,male,2,0.0,0.0,0.0,0.0,0.0,0.0,0.0,0.0,0.0,0.0,0.0,0.0,20.72443098565574,0.19057377049180327,0.1875,0.0,0.0,488.0,389.5,7.5,141.5,10.0,39.0,10.5,18.5,15.5,15.0,13.0,10.5
1042,Elche,11,90,La Liga,2020/2021,Spain,male,1,0.0,0.0,0.0,0.0,0.0,0.0,0.0,0.0,0.0,0.0,0.0,0.0,20.702451732710283,0.20327102803738317,0.17757009345794392,0.0,0.0,428.0,346.0,6.0,177.0,11.0,39.0,20.0,9.0,16.0,12.0,9.0,10.0
217,Barcelona,11,42,La Liga,2019/2020,Spain,male,33,0.0,0.0,0.0,0.0,0.0,0.0,0.0,0.0,0.0,0.0,0.0,0.0,18.255523050560566,0.2225607279226582,0.1268583962953936,0.0,0.0,746.0,624.5757575757576,13.030303030303031,132.54545454545453,22.181818181818183,40.484848484848484,6.393939393939394,12.333333333333334,16.727272727272727,16.424242424242426,9.93939393939394,9.636363636363637
322,Eibar,11,42,La Liga,2019/2020,Spain,male,2,0.0,0.0,0.0,0.0,0.0,0.0,0.0,0.0,0.0,0.0,0.0,0.0,22.7175968591471,0.1915945611866502,0.2360939431396786,0.0,0.0,404.5,333.5,9.0,184.0,7.5,51.0,19.5,18.0,18.5,23.5,14.5,11.0
205,Leganés,11,42,La Liga,2019/2020,Spain,male,2,0.0,0.0,0.0,0.0,0.0,0.0,0.0,0.0,0.0,0.0,0.0,0.0,24.269701080294656,0.24493554327808473,0.26887661141804786,0.0,0.0,271.5,192.0,7.5,236.0,10.0,37.5,11.0,20.5,21.5,27.0,9.5,9.0
209,Celta Vigo,11,42,La Liga,2019/2020,Spain,male,2,0.0,0.0,0.0,0.0,0.0,0.0,0.0,0.0,0.0,0.0,0.0,0.0,20.218816712690355,0.2296954314720812,0.17385786802030456,0.0,0.0,394.0,324.0,8.0,171.0,10.5,34.5,15.0,19.0,19.5,15.0,12.0,9.0
220,Real Madrid,11,42,La Liga,2019/2020,Spain,male,2,0.0,0.0,0.0,0.0,0.0,0.0,0.0,0.0,0.0,0.0,0.0,0.0,19.473612814208636,0.23741007194244604,0.16366906474820145,0.0,0.0,556.0,428.0,15.0,193.5,16.5,42.5,14.0,19.5,9.0,19.0,12.5,10.5
222,Villarreal,11,42,La Liga,2019/2020,Spain,male,2,0.0,0.0,0.0,0.0,0.0,0.0,0.0,0.0,0.0,0.0,0.0,0.0,20.531463753427637,0.1893362350380849,0.1893362350380849,0.0,0.0,459.5,378.5,10.5,180.5,12.5,43.5,6.5,14.0,20.0,15.0,10.0,10.5
221,Levante UD,11,42,La Liga,2019/2020,Spain,male,2,0.0,0.0,0.0,0.0,0.0,0.0,0.0,0.0,0.0,0.0,0.0,0.0,19.08588655919689,0.2707253886010363,0.15803108808290156,0.0,0.0,386.0,277.0,9.0,195.0,14.5,43.0,5.5,13.0,18.0,18.5,11.0,9.0
1043,Mallorca,11,42,La Liga,2019/2020,Spain,male,2,0.0,0.0,0.0,0.0,0.0,0.0,0.0,0.0,0.0,0.0,0.0,0.0,20.22504779574755,0.22549019607843138,0.18627450980392157,0.0,0.0,408.0,309.0,10.5,221.5,17.5,52.5,9.0,14.5,18.5,14.0,7.5,7.5
210,Real Sociedad,11,42,La Liga,2019/2020,Spain,male,2,0.0,0.0,0.0,0.0,0.0,0.0,0.0,0.0,0.0,0.0,0.0,0.0,19.9969147166205,0.1745152354570637,0.15143120960295475,0.0,0.0,541.5,448.0,14.5,175.0,13.5,48.5,3.5,11.5,13.5,18.5,12.5,12.0
207,Valencia,11,42,La Liga,2019/2020,Spain,male,1,0.0,0.0,0.0,0.0,0.0,0.0,0.0,0.0,0.0,0.0,0.0,0.0,24.291272640923076,0.16,0.2553846153846154,0.0,0.0,325.0,272.0,8.0,148.0,9.0,42.0,12.0,16.0,17.0,13.0,8.0,8.0
422,Osasuna,11,42,La Liga,2019/2020,Spain,male,1,0.0,0.0,0.0,0.0,0.0,0.0,0.0,0.0,0.0,0.0,0.0,0.0,26.182710511440686,0.2288135593220339,0.3177966101694915,0.0,0.0,236.0,148.0,9.0,177.0,9.0,43.0,16.0,15.0,33.0,21.0,7.0,8.0
206,Deportivo Alavés,11,42,La Liga,2019/2020,Spain,male,2,0.0,0.0,0.0,0.0,0.0,0.0,0.0,0.0,0.0,0.0,0.0,0.0,22.275678371662124,0.1771117166212534,0.2111716621253406,0.0,0.0,367.0,286.5,6.0,168.5,13.5,46.5,8.5,16.5,8.0,15.5,13.5,8.5
215,Athletic Club,11,42,La Liga,2019/2020,Spain,male,1,0.0,0.0,0.0,0.0,0.0,0.0,0.0,0.0,0.0,0.0,0.0,0.0,24.712564841584157,0.25742574257425743,0.3069306930693069,0.0,0.0,303.0,219.0,7.0,188.0,15.0,51.0,11.0,19.0,35.0,24.0,15.0,4.0
901,Real Valladolid,11,42,La Liga,2019/2020,Spain,male,2,0.0,0.0,0.0,0.0,0.0,0.0,0.0,0.0,0.0,0.0,0.0,0.0,21.452588595277447,0.21959858323494688,0.2077922077922078,0.0,0.0,423.5,355.0,11.0,167.0,19.0,44.5,13.5,15.0,11.0,28.5,9.0,11.5
214,Espanyol,11,42,La Liga,2019/2020,Spain,male,2,0.0,0.0,0.0,0.0,0.0,0.0,0.0,0.0,0.0,0.0,0.0,0.0,24.029676145468997,0.19236883942766295,0.2543720190779014,0.0,0.0,314.5,243.0,9.5,198.5,10.5,44.5,14.5,17.5,20.5,20.5,8.0,9.5
212,Atlético Madrid,11,42,La Liga,2019/2020,Spain,male,2,0.0,0.0,0.0,0.0,0.0,0.0,0.0,0.0,0.0,0.0,0.0,0.0,21.174371222011658,0.24198250728862974,0.20408163265306123,0.0,0.0,343.0,266.0,13.0,189.5,14.0,43.5,11.5,20.0,18.0,17.5,13.0,11.0
213,Sevilla,11,42,La Liga,2019/2020,Spain,male,2,0.0,0.0,0.0,0.0,0.0,0.0,0.0,0.0,0.0,0.0,0.0,0.0,21.916141341601783,0.16017797552836485,0.20800889877641823,0.0,0.0,449.5,367.5,12.0,146.5,12.0,48.5,9.5,16.5,20.5,16.5,9.0,10.0
218,Real Betis,11,42,La Liga,2019/2020,Spain,male,1,0.0,0.0,0.0,0.0,0.0,0.0,0.0,0.0,0.0,0.0,0.0,0.0,20.802644260064934,0.19805194805194806,0.16883116883116883,0.0,0.0,308.0,252.0,7.0,134.0,5.0,23.0,11.0,22.0,19.0,16.0,13.0,11.0
1049,Granada,11,42,La Liga,2019/2020,Spain,male,2,0.0,0.0,0.0,0.0,0.0,0.0,0.0,0.0,0.0,0.0,0.0,0.0,25.177610550924022,0.20739219712525667,0.28952772073921973,0.0,0.0,243.5,199.5,7.0,266.0,15.0,52.0,10.0,22.5,20.5,23.0,10.0,9.5
216,Getafe,11,42,La Liga,2019/2020,Spain,male,1,0.0,0.0,0.0,0.0,0.0,0.0,0.0,0.0,0.0,0.0,0.0,0.0,25.814263993415636,0.1646090534979424,0.34156378600823045,0.0,0.0,243.0,163.0,6.0,261.0,7.0,33.0,21.0,30.0,8.0,14.0,8.0,8.0
1475,Manchester United W,37,281,FA Women's Super League,2023/2024,England,female,22,0.0,0.0,0.0,0.0,0.0,0.0,0.0,0.0,0.0,0.0,0.0,0.0,19.82382371718159,0.18369997564737398,0.16153908596476987,0.0,0.0,559.9545454545455,466.04545454545456,15.227272727272727,192.45454545454547,17.363636363636363,59.54545454545455,9.954545454545455,8.681818181818182,20.727272727272727,23.954545454545453,16.227272727272727,13.090909090909092
965,Brighton & Hove Albion WFC,37,281,FA Women's Super League,2023/2024,England,female,22,0.0,0.0,0.0,0.0,0.0,0.0,0.0,0.0,0.0,0.0,0.0,0.0,20.233988583236325,0.19876160990712075,0.1824561403508772,0.0,0.0,440.45454545454544,360.90909090909093,9.5,212.3181818181818,13.409090909090908,61.40909090909091,11.227272727272727,12.0,24.0,27.045454545454547,17.136363636363637,14.454545454545455
746,Manchester City WFC,37,281,FA Women's Super League,2023/2024,England,female,22,0.0,0.0,0.0,0.0,0.0,0.0,0.0,0.0,0.0,0.0,0.0,0.0,19.197666429114108,0.1921718445902112,0.13983997693361205,0.0,0.0,630.5909090909091,546.1818181818181,19.545454545454547,162.4090909090909,18.818181818181817,60.90909090909091,10.181818181818182,6.045454545454546,17.0,21.636363636363637,16.363636363636363,14.909090909090908
749,Tottenham Hotspur Women,37,281,FA Women's Super League,2023/2024,England,female,22,0.0,0.0,0.0,0.0,0.0,0.0,0.0,0.0,0.0,0.0,0.0,0.0,19.485404640389735,0.18732244318181818,0.15696022727272727,0.0,0.0,512.0,416.59090909090907,13.818181818181818,204.27272727272728,19.5,58.13636363636363,11.818181818181818,10.272727272727273,25.681818181818183,26.181818181818183,19.0,13.772727272727273
2647,Aston Villa W,37,281,FA Women's Super League,2023/2024,England,female,22,0.0,0.0,0.0,0.0,0.0,0.0,0.0,0.0,0.0,0.0,0.0,0.0,19.247545677207512,0.22314261315115286,0.16122971818958157,0.0,0.0,532.2727272727273,425.40909090909093,11.818181818181818,185.77272727272728,15.681818181818182,60.18181818181818,11.863636363636363,8.0,23.272727272727273,25.454545454545453,15.272727272727273,14.636363636363637
972,West Ham United LFC,37,281,FA Women's Super League,2023/2024,England,female,22,0.0,0.0,0.0,0.0,0.0,0.0,0.0,0.0,0.0,0.0,0.0,0.0,21.336107033333334,0.16246498599439776,0.21073044602456367,0.0,0.0,421.90909090909093,333.8181818181818,10.545454545454545,221.22727272727272,13.136363636363637,55.54545454545455,12.727272727272727,11.818181818181818,23.272727272727273,23.318181818181817,17.045454545454547,13.681818181818182
971,Chelsea FCW,37,281,FA Women's Super League,2023/2024,England,female,22,0.0,0.0,0.0,0.0,0.0,0.0,0.0,0.0,0.0,0.0,0.0,0.0,20.01912542439034,0.17704526810351257,0.16511298381683945,0.0,0.0,609.5,501.22727272727275,19.454545454545453,173.36363636363637,16.681818181818183,65.54545454545455,11.090909090909092,8.454545454545455,18.636363636363637,19.272727272727273,16.954545454545453,13.318181818181818
967,Everton LFC,37,281,FA Women's Super League,2023/2024,England,female,22,0.0,0.0,0.0,0.0,0.0,0.0,0.0,0.0,0.0,0.0,0.0,0.0,19.047991078467224,0.19570016316345137,0.13696132066417122,0.0,0.0,473.59090909090907,393.77272727272725,8.772727272727273,214.54545454545453,16.136363636363637,56.45454545454545,10.681818181818182,10.636363636363637,23.5,24.136363636363637,17.727272727272727,14.954545454545455
973,Bristol City WFC,37,281,FA Women's Super League,2023/2024,England,female,22,0.0,0.0,0.0,0.0,0.0,0.0,0.0,0.0,0.0,0.0,0.0,0.0,21.27015941104802,0.20285945508497438,0.21675209063933099,0.0,0.0,337.0,250.8181818181818,7.5,213.6818181818182,12.954545454545455,53.45454545454545,13.954545454545455,9.5,28.09090909090909,26.681818181818183,14.545454545454545,13.272727272727273
966,Liverpool WFC,37,281,FA Women's Super League,2023/2024,England,female,22,0.0,0.0,0.0,0.0,0.0,0.0,0.0,0.0,0.0,0.0,0.0,0.0,21.15839052914159,0.18547453703703703,0.2097800925925926,0.0,0.0,471.27272727272725,340.0,12.090909090909092,207.13636363636363,12.545454545454545,56.18181818181818,11.863636363636363,9.909090909090908,31.181818181818183,27.681818181818183,16.181818181818183,12.272727272727273
2652,Leicester City WFC,37,281,FA Women's Super League,2023/2024,England,female,22,0.0,0.0,0.0,0.0,0.0,0.0,0.0,0.0,0.0,0.0,0.0,0.0,19.431096334246764,0.20226719130597715,0.16057710324152144,0.0,0.0,485.1818181818182,384.1818181818182,12.227272727272727,211.8181818181818,13.181818181818182,63.5,11.772727272727273,11.863636363636363,24.181818181818183,26.818181818181817,18.954545454545453,13.954545454545455
968,Arsenal WFC,37,281,FA Women's Super League,2023/2024,England,female,22,0.0,0.0,0.0,0.0,0.0,0.0,0.0,0.0,0.0,0.0,0.0,0.0,19.682708397181965,0.1733708463234735,0.15831495703748763,0.0,0.0,597.7727272727273,511.59090909090907,19.90909090909091,151.22727272727272,16.272727272727273,68.13636363636364,8.954545454545455,9.409090909090908,15.0,18.09090909090909,15.5,17.045454545454547
210,Real Sociedad,11,4,La Liga,2018/2019,Spain,male,2,0.0,0.0,0.0,0.0,0.0,0.0,0.0,0.0,0.0,0.0,0.0,0.0,21.566403559130432,0.16304347826086957,0.19782608695652174,0.0,0.0,460.0,394.0,8.5,195.0,9.5,41.5,14.0,16.5,19.0,17.5,7.0,12.0
217,Barcelona,11,4,La Liga,2018/2019,Spain,male,34,0.0,0.0,0.0,0.0,0.0,0.0,0.0,0.0,0.0,0.0,0.0,0.0,18.519926205809938,0.21122894572676232,0.1339155749636099,0.0,0.0,707.2058823529412,610.8529411764706,15.264705882352942,139.85294117647058,20.970588235294116,43.0,8.882352941176471,11.852941176470589,15.735294117647058,17.88235294117647,10.852941176470589,11.5
205,Leganés,11,4,La Liga,2018/2019,Spain,male,2,0.0,0.0,0.0,0.0,0.0,0.0,0.0,0.0,0.0,0.0,0.0,0.0,24.57488437869416,0.23711340206185566,0.27319587628865977,0.0,0.0,291.0,211.5,7.0,210.0,18.5,34.5,12.5,20.0,19.0,17.5,10.0,11.0
213,Sevilla,11,4,La Liga,2018/2019,Spain,male,2,0.0,0.0,0.0,0.0,0.0,0.0,0.0,0.0,0.0,0.0,0.0,0.0,20.759686533838973,0.23803967327887982,0.20420070011668612,0.0,0.0,428.5,341.5,16.5,213.0,12.0,51.5,9.0,17.5,15.5,18.5,13.0,6.5
212,Atlético Madrid,11,4,La Liga,2018/2019,Spain,male,2,0.0,0.0,0.0,0.0,0.0,0.0,0.0,0.0,0.0,0.0,0.0,0.0,19.5691578121519,0.2468354430379747,0.17088607594936708,0.0,0.0,395.0,346.0,6.0,239.5,18.0,37.5,11.0,19.5,19.0,21.0,13.0,5.5
214,Espanyol,11,4,La Liga,2018/2019,Spain,male,2,0.0,0.0,0.0,0.0,0.0,0.0,0.0,0.0,0.0,0.0,0.0,0.0,19.770160001311083,0.2431466030989273,0.17163289630512515,0.0,0.0,419.5,332.5,9.0,173.0,12.5,45.5,19.0,16.5,20.5,16.0,10.5,15.0
209,Celta Vigo,11,4,La Liga,2018/2019,Spain,male,1,0.0,0.0,0.0,0.0,0.0,0.0,0.0,0.0,0.0,0.0,0.0,0.0,20.50723974141791,0.17723880597014927,0.18097014925373134,0.0,0.0,536.0,469.0,11.0,120.0,10.0,47.0,15.0,17.0,8.0,19.0,16.0,8.0
216,Getafe,11,4,La Liga,2018/2019,Spain,male,2,0.0,0.0,0.0,0.0,0.0,0.0,0.0,0.0,0.0,0.0,0.0,0.0,24.584000915264188,0.18786692759295498,0.27788649706457924,0.0,0.0,255.5,189.5,10.5,319.5,13.5,45.5,8.0,18.5,21.0,21.0,10.5,7.5
901,Real Valladolid,11,4,La Liga,2018/2019,Spain,male,2,0.0,0.0,0.0,0.0,0.0,0.0,0.0,0.0,0.0,0.0,0.0,0.0,22.232762947417843,0.18309859154929578,0.22417840375586853,0.0,0.0,426.0,338.0,9.0,186.0,11.0,56.0,12.5,20.0,14.5,21.5,13.0,10.0
218,Real Betis,11,4,La Liga,2018/2019,Spain,male,2,0.0,0.0,0.0,0.0,0.0,0.0,0.0,0.0,0.0,0.0,0.0,0.0,19.11977174554307,0.18820224719101122,0.15355805243445692,0.0,0.0,534.0,423.0,14.0,137.0,14.5,46.0,11.5,11.0,18.0,18.5,11.0,10.0
215,Athletic Club,11,4,La Liga,2018/2019,Spain,male,2,0.0,0.0,0.0,0.0,0.0,0.0,0.0,0.0,0.0,0.0,0.0,0.0,22.86961809583333,0.20386904761904762,0.23363095238095238,0.0,0.0,336.0,252.0,11.0,140.5,11.0,49.0,16.5,24.5,28.0,17.0,9.5,10.5
206,Deportivo Alavés,11,4,La Liga,2018/2019,Spain,male,2,0.0,0.0,0.0,0.0,0.0,0.0,0.0,0.0,0.0,0.0,0.0,0.0,24.497091492079207,0.18415841584158416,0.2613861386138614,0.0,0.0,252.5,159.5,4.5,159.0,10.0,36.0,17.5,19.0,28.5,19.0,10.0,6.5
207,Valencia,11,4,La Liga,2018/2019,Spain,male,2,0.0,0.0,0.0,0.0,0.0,0.0,0.0,0.0,0.0,0.0,0.0,0.0,21.142135059264305,0.20708446866485014,0.20299727520435967,0.0,0.0,367.0,274.0,11.5,277.5,13.0,41.5,16.0,12.0,21.0,23.0,10.5,2.5
221,Levante UD,11,4,La Liga,2018/2019,Spain,male,2,0.0,0.0,0.0,0.0,0.0,0.0,0.0,0.0,0.0,0.0,0.0,0.0,20.76733260681265,0.21289537712895376,0.19951338199513383,0.0,0.0,411.0,320.0,13.5,152.0,19.0,51.0,8.0,13.5,13.5,16.5,9.5,9.0
222,Villarreal,11,4,La Liga,2018/2019,Spain,male,2,0.0,0.0,0.0,0.0,0.0,0.0,0.0,0.0,0.0,0.0,0.0,0.0,21.176381914961638,0.17774936061381075,0.18030690537084398,0.0,0.0,391.0,317.5,14.0,212.0,12.0,33.0,14.0,17.5,14.0,14.0,12.5,9.5
211,Girona,11,4,La Liga,2018/2019,Spain,male,2,0.0,0.0,0.0,0.0,0.0,0.0,0.0,0.0,0.0,0.0,0.0,0.0,22.574932091466664,0.15733333333333333,0.23466666666666666,0.0,0.0,375.0,307.0,10.0,192.5,11.5,41.5,19.5,18.0,16.5,19.0,7.5,7.5
902,Huesca,11,4,La Liga,2018/2019,Spain,male,1,0.0,0.0,0.0,0.0,0.0,0.0,0.0,0.0,0.0,0.0,0.0,0.0,22.44122136904762,0.16071428571428573,0.19940476190476192,0.0,0.0,336.0,256.0,7.0,130.0,6.0,30.0,13.0,15.0,21.0,18.0,7.0,13.0
322,Eibar,11,4,La Liga,2018/2019,Spain,male,2,0.0,0.0,0.0,0.0,0.0,0.0,0.0,0.0,0.0,0.0,0.0,0.0,24.431098793118757,0.1453940066592675,0.2586015538290788,0.0,0.0,450.5,331.0,17.0,190.0,9.0,58.0,12.0,18.0,11.5,17.0,10.0,9.0
360,Rayo Vallecano,11,4,La Liga,2018/2019,Spain,male,1,0.0,0.0,0.0,0.0,0.0,0.0,0.0,0.0,0.0,0.0,0.0,0.0,20.72886352588235,0.21176470588235294,0.18235294117647058,0.0,0.0,340.0,280.0,8.0,281.0,15.0,48.0,11.0,19.0,11.0,19.0,12.0,17.0
220,Real Madrid,11,4,La Liga,2018/2019,Spain,male,1,0.0,0.0,0.0,0.0,0.0,0.0,0.0,0.0,0.0,0.0,0.0,0.0,19.330319668421055,0.2300194931773879,0.1695906432748538,0.0,0.0,513.0,450.0,18.0,221.0,18.0,52.0,11.0,22.0,14.0,20.0,15.0,12.0
207,Valencia,11,1,La Liga,2017/2018,Spain,male,2,0.0,0.0,0.0,0.0,0.0,0.0,0.0,0.0,0.0,0.0,0.0,0.0,20.780635331532668,0.19974874371859297,0.18467336683417085,0.0,0.0,398.0,310.5,13.0,196.0,13.5,40.5,20.5,13.0,20.0,22.0,12.0,14.0
217,Barcelona,11,1,La Liga,2017/2018,Spain,male,36,0.0,0.0,0.0,0.0,0.0,0.0,0.0,0.0,0.0,0.0,0.0,0.0,18.937971471146618,0.21818859177084196,0.14897756436791126,0.0,0.0,671.0555555555555,553.8333333333334,15.194444444444445,133.5,25.666666666666668,46.22222222222222,13.055555555555555,11.63888888888889,13.416666666666666,15.36111111111111,11.083333333333334,12.694444444444445
219,RC Deportivo La Coruña,11,1,La Liga,2017/2018,Spain,male,2,0.0,0.0,0.0,0.0,0.0,0.0,0.0,0.0,0.0,0.0,0.0,0.0,21.026867940133034,0.2006651884700665,0.19068736141906872,0.0,0.0,451.0,370.5,13.5,163.5,16.5,44.5,18.5,14.5,17.0,19.5,9.5,3.5
220,Real Madrid,11,1,La Liga,2017/2018,Spain,male,2,0.0,0.0,0.0,0.0,0.0,0.0,0.0,0.0,0.0,0.0,0.0,0.0,20.342001394418606,0.20372093023255813,0.18511627906976744,0.0,0.0,537.5,442.5,15.0,218.5,10.0,34.0,12.5,19.0,8.5,14.0,9.5,11.5
215,Athletic Club,11,1,La Liga,2017/2018,Spain,male,2,0.0,0.0,0.0,0.0,0.0,0.0,0.0,0.0,0.0,0.0,0.0,0.0,23.430555758313538,0.1840855106888361,0.2672209026128266,0.0,0.0,421.0,288.0,13.5,208.5,21.0,47.5,25.0,18.0,11.5,20.0,13.0,5.5
208,Las Palmas,11,1,La Liga,2017/2018,Spain,male,2,0.0,0.0,0.0,0.0,0.0,0.0,0.0,0.0,0.0,0.0,0.0,0.0,20.492212598268395,0.21536796536796537,0.19047619047619047,0.0,0.0,462.0,401.0,11.5,175.0,16.5,41.5,11.5,17.0,14.0,21.0,17.0,12.0
322,Eibar,11,1,La Liga,2017/2018,Spain,male,2,0.0,0.0,0.0,0.0,0.0,0.0,0.0,0.0,0.0,0.0,0.0,0.0,24.748962650375137,0.1607717041800643,0.2808145766345123,0.0,0.0,466.5,370.0,13.5,160.5,12.5,46.5,24.5,14.5,7.0,13.5,11.5,13.5
218,Real Betis,11,1,La Liga,2017/2018,Spain,male,2,0.0,0.0,0.0,0.0,0.0,0.0,0.0,0.0,0.0,0.0,0.0,0.0,21.264623031747675,0.1437435367114788,0.1923474663908997,0.0,0.0,483.5,393.5,5.0,268.0,9.5,32.0,19.5,17.5,12.0,22.5,17.0,8.5
222,Villarreal,11,1,La Liga,2017/2018,Spain,male,2,0.0,0.0,0.0,0.0,0.0,0.0,0.0,0.0,0.0,0.0,0.0,0.0,20.940852477566967,0.15736607142857142,0.18191964285714285,0.0,0.0,448.0,362.5,14.5,201.5,9.5,35.0,15.0,19.5,8.5,16.5,8.0,9.5
221,Levante UD,11,1,La Liga,2017/2018,Spain,male,1,0.0,0.0,0.0,0.0,0.0,0.0,0.0,0.0,0.0,0.0,0.0,0.0,21.99483630660066,0.1848184818481848,0.22442244224422442,0.0,0.0,303.0,242.0,9.0,212.0,10.0,45.0,20.0,23.0,9.0,16.0,14.0,12.0
214,Espanyol,11,1,La Liga,2017/2018,Spain,male,2,0.0,0.0,0.0,0.0,0.0,0.0,0.0,0.0,0.0,0.0,0.0,0.0,23.902871167712036,0.24260355029585798,0.2879684418145957,0.0,0.0,253.5,185.0,8.0,195.0,14.5,43.0,16.0,20.0,24.0,25.0,12.5,10.5
205,Leganés,11,1,La Liga,2017/2018,Spain,male,2,0.0,0.0,0.0,0.0,0.0,0.0,0.0,0.0,0.0,0.0,0.0,0.0,23.74791231656581,0.20574886535552195,0.2526475037821483,0.0,0.0,330.5,255.0,14.5,187.5,16.5,50.5,20.5,21.0,11.5,22.5,10.5,16.0
209,Celta Vigo,11,1,La Liga,2017/2018,Spain,male,2,0.0,0.0,0.0,0.0,0.0,0.0,0.0,0.0,0.0,0.0,0.0,0.0,20.888168748639828,0.17519042437431992,0.18171926006528835,0.0,0.0,459.5,378.0,14.0,196.5,10.5,48.0,16.5,12.0,15.0,26.0,14.0,10.0
213,Sevilla,11,1,La Liga,2017/2018,Spain,male,2,0.0,0.0,0.0,0.0,0.0,0.0,0.0,0.0,0.0,0.0,0.0,0.0,19.68062435103652,0.21618953603158933,0.16386969397828233,0.0,0.0,506.5,428.0,14.5,163.0,12.0,44.0,20.0,16.0,20.0,18.0,9.5,10.0
216,Getafe,11,1,La Liga,2017/2018,Spain,male,2,0.0,0.0,0.0,0.0,0.0,0.0,0.0,0.0,0.0,0.0,0.0,0.0,26.880616561966605,0.18923933209647495,0.32653061224489793,0.0,0.0,269.5,205.5,11.5,173.5,13.0,44.5,24.5,22.0,19.0,10.5,10.5,7.5
223,Málaga,11,1,La Liga,2017/2018,Spain,male,1,0.0,0.0,0.0,0.0,0.0,0.0,0.0,0.0,0.0,0.0,0.0,0.0,20.931824468899517,0.21291866028708134,0.18660287081339713,0.0,0.0,418.0,354.0,13.0,203.0,16.0,33.0,23.0,16.0,13.0,11.0,9.0,12.0
211,Girona,11,1,La Liga,2017/2018,Spain,male,2,0.0,0.0,0.0,0.0,0.0,0.0,0.0,0.0,0.0,0.0,0.0,0.0,23.225211627438227,0.18855656697009102,0.24187256176853056,0.0,0.0,384.5,280.5,12.0,202.5,11.5,41.0,19.0,17.0,11.0,15.5,12.0,12.0
212,Atlético Madrid,11,1,La Liga,2017/2018,Spain,male,2,0.0,0.0,0.0,0.0,0.0,0.0,0.0,0.0,0.0,0.0,0.0,0.0,20.645761340704897,0.23058542413381122,0.18518518518518517,0.0,0.0,418.5,331.5,5.0,173.0,14.5,44.5,30.5,20.5,17.0,25.0,13.5,9.0
206,Deportivo Alavés,11,1,La Liga,2017/2018,Spain,male,2,0.0,0.0,0.0,0.0,0.0,0.0,0.0,0.0,0.0,0.0,0.0,0.0,26.08060754082397,0.1853932584269663,0.30337078651685395,0.0,0.0,267.0,182.0,9.0,215.5,14.0,44.0,21.5,20.0,25.0,23.5,8.0,8.5
210,Real Sociedad,11,1,La Liga,2017/2018,Spain,male,2,0.0,0.0,0.0,0.0,0.0,0.0,0.0,0.0,0.0,0.0,0.0,0.0,22.273936639977848,0.1461794019933555,0.22702104097452935,0.0,0.0,451.5,389.0,13.0,193.0,13.0,42.0,13.5,16.0,9.5,15.0,10.5,9.5
220,Real Madrid,11,2,La Liga,2016/2017,Spain,male,2,0.0,0.0,0.0,0.0,0.0,0.0,0.0,0.0,0.0,0.0,0.0,0.0,21.679975321304347,0.18043478260869567,0.2141304347826087,0.0,0.0,460.0,382.0,18.0,199.0,18.5,43.0,16.0,17.0,11.5,18.5,13.0,10.0
217,Barcelona,11,2,La Liga,2016/2017,Spain,male,34,0.0,0.0,0.0,0.0,0.0,0.0,0.0,0.0,0.0,0.0,0.0,0.0,19.972220002308646,0.18279902719434005,0.16387353526420517,0.0,0.0,665.1470588235294,563.4705882352941,16.58823529411765,130.91176470588235,29.470588235294116,48.05882352941177,6.764705882352941,12.176470588235293,16.294117647058822,13.176470588235293,11.058823529411764,13.558823529411764
213,Sevilla,11,2,La Liga,2016/2017,Spain,male,2,0.0,0.0,0.0,0.0,0.0,0.0,0.0,0.0,0.0,0.0,0.0,0.0,20.41723114062827,0.20104712041884817,0.19895287958115182,0.0,0.0,477.5,413.5,11.0,229.0,15.0,56.0,10.0,23.5,15.0,15.0,11.5,16.5
422,Osasuna,11,2,La Liga,2016/2017,Spain,male,2,0.0,0.0,0.0,0.0,0.0,0.0,0.0,0.0,0.0,0.0,0.0,0.0,24.965357765599997,0.202,0.292,0.0,0.0,250.0,181.5,3.5,210.5,14.0,46.0,9.5,24.0,29.0,18.0,8.0,14.0
205,Leganés,11,2,La Liga,2016/2017,Spain,male,2,0.0,0.0,0.0,0.0,0.0,0.0,0.0,0.0,0.0,0.0,0.0,0.0,23.379757245373135,0.191044776119403,0.24776119402985075,0.0,0.0,335.0,275.5,13.5,175.5,29.5,57.0,12.0,24.0,17.0,10.0,13.0,7.5
206,Deportivo Alavés,11,2,La Liga,2016/2017,Spain,male,2,0.0,0.0,0.0,0.0,0.0,0.0,0.0,0.0,0.0,0.0,0.0,0.0,24.21841617264808,0.21602787456445993,0.26480836236933797,0.0,0.0,287.0,229.0,7.0,158.0,23.5,44.0,9.5,18.0,35.0,19.5,9.0,7.0
215,Athletic Club,11,2,La Liga,2016/2017,Spain,male,2,0.0,0.0,0.0,0.0,0.0,0.0,0.0,0.0,0.0,0.0,0.0,0.0,22.85855330972389,0.19447779111644659,0.25090036014405764,0.0,0.0,416.5,331.5,9.5,168.5,18.5,43.5,8.5,23.0,16.0,18.5,11.5,6.5
212,Atlético Madrid,11,2,La Liga,2016/2017,Spain,male,2,0.0,0.0,0.0,0.0,0.0,0.0,0.0,0.0,0.0,0.0,0.0,0.0,20.293990750201864,0.3105590062111801,0.2080745341614907,0.0,0.0,322.0,238.0,11.0,229.0,14.5,50.0,9.0,25.0,38.0,26.5,14.5,5.5
218,Real Betis,11,2,La Liga,2016/2017,Spain,male,2,0.0,0.0,0.0,0.0,0.0,0.0,0.0,0.0,0.0,0.0,0.0,0.0,22.952945865391307,0.24869565217391304,0.24869565217391304,0.0,0.0,287.5,227.0,10.5,199.0,19.5,41.0,17.5,19.5,31.5,20.5,8.0,10.0
208,Las Palmas,11,2,La Liga,2016/2017,Spain,male,2,0.0,0.0,0.0,0.0,0.0,0.0,0.0,0.0,0.0,0.0,0.0,0.0,20.89699193772672,0.18500604594921402,0.1825876662636034,0.0,0.0,413.5,348.0,9.0,175.0,15.0,44.0,14.5,14.5,14.0,13.0,5.0,8.5
222,Villarreal,11,2,La Liga,2016/2017,Spain,male,2,0.0,0.0,0.0,0.0,0.0,0.0,0.0,0.0,0.0,0.0,0.0,0.0,21.667316230183356,0.231311706629055,0.19746121297602257,0.0,0.0,354.5,287.0,6.5,245.0,20.0,40.5,11.0,17.5,28.0,18.5,12.0,11.0
207,Valencia,11,2,La Liga,2016/2017,Spain,male,2,0.0,0.0,0.0,0.0,0.0,0.0,0.0,0.0,0.0,0.0,0.0,0.0,24.821522192945327,0.15343915343915343,0.25044091710758376,0.0,0.0,283.5,217.5,6.5,259.5,16.0,41.0,11.0,20.0,30.5,23.5,10.0,8.0
219,RC Deportivo La Coruña,11,2,La Liga,2016/2017,Spain,male,2,0.0,0.0,0.0,0.0,0.0,0.0,0.0,0.0,0.0,0.0,0.0,0.0,23.39261276704731,0.21859706362153344,0.26101141924959215,0.0,0.0,306.5,216.0,10.5,177.5,16.5,50.5,11.0,15.5,35.5,24.5,15.5,11.0
322,Eibar,11,2,La Liga,2016/2017,Spain,male,2,0.0,0.0,0.0,0.0,0.0,0.0,0.0,0.0,0.0,0.0,0.0,0.0,25.949809209355827,0.200920245398773,0.30828220858895705,0.0,0.0,326.0,242.0,11.5,218.5,13.0,49.0,14.0,18.0,21.0,14.5,12.0,9.5
214,Espanyol,11,2,La Liga,2016/2017,Spain,male,2,0.0,0.0,0.0,0.0,0.0,0.0,0.0,0.0,0.0,0.0,0.0,0.0,23.02012194064328,0.16812865497076024,0.2631578947368421,0.0,0.0,342.0,269.5,4.5,240.0,12.5,45.5,15.5,22.0,15.5,16.5,10.0,10.5
223,Málaga,11,2,La Liga,2016/2017,Spain,male,1,0.0,0.0,0.0,0.0,0.0,0.0,0.0,0.0,0.0,0.0,0.0,0.0,22.219994888124997,0.2,0.215625,0.0,0.0,320.0,242.0,8.0,168.0,9.0,47.0,7.0,28.0,30.0,15.0,8.0,9.0
210,Real Sociedad,11,2,La Liga,2016/2017,Spain,male,2,0.0,0.0,0.0,0.0,0.0,0.0,0.0,0.0,0.0,0.0,0.0,0.0,21.533475751217036,0.1947261663286004,0.22616632860040567,0.0,0.0,493.0,424.0,16.0,184.0,22.0,62.5,16.5,21.5,21.5,16.5,15.0,14.0
209,Celta Vigo,11,2,La Liga,2016/2017,Spain,male,1,0.0,0.0,0.0,0.0,0.0,0.0,0.0,0.0,0.0,0.0,0.0,0.0,21.487160287628868,0.22422680412371135,0.21391752577319587,0.0,0.0,388.0,298.0,7.0,172.0,6.0,45.0,9.0,23.0,25.0,20.0,9.0,12.0
1041,Sporting Gijón,11,2,La Liga,2016/2017,Spain,male,1,0.0,0.0,0.0,0.0,0.0,0.0,0.0,0.0,0.0,0.0,0.0,0.0,23.77436720933852,0.20622568093385213,0.24124513618677043,0.0,0.0,257.0,171.0,5.0,149.0,11.0,38.0,13.0,15.0,32.0,14.0,18.0,7.0
1049,Granada,11,2,La Liga,2016/2017,Spain,male,1,0.0,0.0,0.0,0.0,0.0,0.0,0.0,0.0,0.0,0.0,0.0,0.0,23.04284081772575,0.22408026755852842,0.2408026755852843,0.0,0.0,299.0,204.0,1.0,217.0,11.0,38.0,14.0,26.0,25.0,17.0,13.0,5.0
217,Barcelona,11,26,La Liga,2014/2015,Spain,male,38,0.0,0.0,0.0,0.0,0.0,0.0,0.0,0.0,0.0,0.0,0.0,0.0,19.224624890969423,0.2064433927921369,0.15282125955587914,0.0,0.0,722.8947368421053,632.6052631578947,16.44736842105263,120.84210526315789,29.86842105263158,51.026315789473685,7.131578947368421,10.736842105263158,19.31578947368421,15.657894736842104,11.473684210526315,11.552631578947368
220,Real Madrid,11,26,La Liga,2014/2015,Spain,male,2,0.0,0.0,0.0,0.0,0.0,0.0,0.0,0.0,0.0,0.0,0.0,0.0,20.283347698231008,0.21227887617065558,0.18106139438085328,0.0,0.0,480.5,397.5,15.5,184.0,25.0,48.5,12.5,16.5,20.5,14.5,7.0,14.0
213,Sevilla,11,26,La Liga,2014/2015,Spain,male,2,0.0,0.0,0.0,0.0,0.0,0.0,0.0,0.0,0.0,0.0,0.0,0.0,22.36895067788546,0.2055800293685756,0.2276064610866373,0.0,0.0,340.5,294.5,6.5,239.0,18.5,57.5,10.5,28.5,20.5,19.5,14.0,11.0
223,Málaga,11,26,La Liga,2014/2015,Spain,male,2,0.0,0.0,0.0,0.0,0.0,0.0,0.0,0.0,0.0,0.0,0.0,0.0,24.732267732315982,0.236983842010772,0.2998204667863555,0.0,0.0,278.5,208.0,8.5,229.0,22.5,53.5,11.0,18.5,26.5,21.0,15.0,11.5
216,Getafe,11,26,La Liga,2014/2015,Spain,male,2,0.0,0.0,0.0,0.0,0.0,0.0,0.0,0.0,0.0,0.0,0.0,0.0,22.621085597352945,0.2560553633217993,0.22664359861591696,0.0,0.0,289.0,235.0,5.5,265.5,16.5,48.0,16.0,20.0,26.0,19.5,12.5,10.0
1049,Granada,11,26,La Liga,2014/2015,Spain,male,2,0.0,0.0,0.0,0.0,0.0,0.0,0.0,0.0,0.0,0.0,0.0,0.0,24.400323738888886,0.17647058823529413,0.25,0.0,0.0,306.0,233.0,9.5,148.0,29.0,43.5,9.0,18.0,24.5,20.0,14.0,16.0
360,Rayo Vallecano,11,26,La Liga,2014/2015,Spain,male,2,0.0,0.0,0.0,0.0,0.0,0.0,0.0,0.0,0.0,0.0,0.0,0.0,21.26475238194622,0.23047375160051217,0.23047375160051217,0.0,0.0,390.5,319.5,10.0,148.0,20.0,55.0,13.0,20.0,27.0,16.5,14.0,13.5
219,RC Deportivo La Coruña,11,26,La Liga,2014/2015,Spain,male,2,0.0,0.0,0.0,0.0,0.0,0.0,0.0,0.0,0.0,0.0,0.0,0.0,22.941724686833854,0.20376175548589343,0.24294670846394983,0.0,0.0,319.0,251.0,8.0,198.5,17.0,43.5,22.0,15.0,22.5,12.5,11.5,12.5
215,Athletic Club,11,26,La Liga,2014/2015,Spain,male,2,0.0,0.0,0.0,0.0,0.0,0.0,0.0,0.0,0.0,0.0,0.0,0.0,22.668865309540227,0.21328224776500637,0.2567049808429119,0.0,0.0,391.5,249.5,9.5,171.0,17.0,45.0,9.0,21.0,32.5,18.5,10.0,11.5
209,Celta Vigo,11,26,La Liga,2014/2015,Spain,male,2,0.0,0.0,0.0,0.0,0.0,0.0,0.0,0.0,0.0,0.0,0.0,0.0,24.754680111688312,0.16017316017316016,0.2712842712842713,0.0,0.0,346.5,259.0,8.5,253.0,20.0,60.0,18.0,34.5,31.0,16.5,11.5,16.5
322,Eibar,11,26,La Liga,2014/2015,Spain,male,2,0.0,0.0,0.0,0.0,0.0,0.0,0.0,0.0,0.0,0.0,0.0,0.0,23.978763630385853,0.17684887459807075,0.2733118971061093,0.0,0.0,311.0,239.0,8.0,241.5,13.5,47.0,16.0,20.5,27.5,24.0,13.0,10.0
373,Córdoba CF,11,26,La Liga,2014/2015,Spain,male,2,0.0,0.0,0.0,0.0,0.0,0.0,0.0,0.0,0.0,0.0,0.0,0.0,22.170328196502545,0.23938879456706283,0.22750424448217318,0.0,0.0,294.5,223.0,6.5,197.5,16.0,33.5,19.0,14.5,30.0,18.5,11.0,14.0
403,Almería,11,26,La Liga,2014/2015,Spain,male,2,0.0,0.0,0.0,0.0,0.0,0.0,0.0,0.0,0.0,0.0,0.0,0.0,24.868194830536677,0.21288014311270126,0.295169946332737,0.0,0.0,279.5,186.0,6.0,167.0,14.0,39.0,8.0,18.5,27.5,15.0,11.5,14.5
222,Villarreal,11,26,La Liga,2014/2015,Spain,male,2,0.0,0.0,0.0,0.0,0.0,0.0,0.0,0.0,0.0,0.0,0.0,0.0,23.199103986741214,0.19169329073482427,0.2364217252396166,0.0,0.0,313.0,227.5,10.0,178.5,12.5,42.0,16.5,19.5,31.5,23.0,12.0,8.0
210,Real Sociedad,11,26,La Liga,2014/2015,Spain,male,2,0.0,0.0,0.0,0.0,0.0,0.0,0.0,0.0,0.0,0.0,0.0,0.0,24.36935015054945,0.19152276295133439,0.260596546310832,0.0,0.0,318.5,226.5,6.0,166.0,11.0,49.0,11.5,22.5,35.5,22.5,6.5,15.5
212,Atlético Madrid,11,26,La Liga,2014/2015,Spain,male,2,0.0,0.0,0.0,0.0,0.0,0.0,0.0,0.0,0.0,0.0,0.0,0.0,22.098883865454546,0.2509090909090909,0.21454545454545454,0.0,0.0,275.0,179.0,6.5,229.5,11.5,37.5,13.5,24.0,21.5,14.0,9.0,14.5
1042,Elche,11,26,La Liga,2014/2015,Spain,male,2,0.0,0.0,0.0,0.0,0.0,0.0,0.0,0.0,0.0,0.0,0.0,0.0,22.369632545509898,0.1948249619482496,0.2298325722983257,0.0,0.0,328.5,261.5,4.5,206.5,22.5,38.0,6.5,19.5,20.5,13.0,12.0,11.0
214,Espanyol,11,26,La Liga,2014/2015,Spain,male,2,0.0,0.0,0.0,0.0,0.0,0.0,0.0,0.0,0.0,0.0,0.0,0.0,22.660553576190477,0.2239858906525573,0.2239858906525573,0.0,0.0,283.5,231.5,5.0,209.5,19.0,47.5,8.5,22.0,19.5,13.0,13.0,15.5
207,Valencia,11,26,La Liga,2014/2015,Spain,male,2,0.0,0.0,0.0,0.0,0.0,0.0,0.0,0.0,0.0,0.0,0.0,0.0,23.800292234915773,0.16539050535987748,0.24655436447166923,0.0,0.0,326.5,249.0,12.0,263.5,25.0,51.0,6.0,20.0,25.5,18.0,11.0,12.0
221,Levante UD,11,26,La Liga,2014/2015,Spain,male,2,0.0,0.0,0.0,0.0,0.0,0.0,0.0,0.0,0.0,0.0,0.0,0.0,25.34030406394316,0.17229129662522202,0.30728241563055064,0.0,0.0,281.5,215.5,7.0,123.0,18.5,42.5,13.0,16.5,27.5,13.0,13.5,3.5
7282,Mohun Bagan Super Giant,1238,108,Indian Super league,2021/2022,India,male,22,0.0,0.0,0.0,0.0,0.0,0.0,0.0,0.0,0.0,0.0,0.0,0.0,23.36769081541295,0.14550928248871048,0.2506773707977923,0.0,0.0,452.95454545454544,345.72727272727275,15.363636363636363,127.18181818181819,17.863636363636363,50.09090909090909,17.863636363636363,12.590909090909092,23.045454545454547,19.227272727272727,15.045454545454545,11.772727272727273
7289,SC Delhi,1238,108,Indian Super league,2021/2022,India,male,23,0.0,0.0,0.0,0.0,0.0,0.0,0.0,0.0,0.0,0.0,0.0,0.0,24.043972526726936,0.16024252923343438,0.2684062364660026,0.0,0.0,401.5652173913044,285.0,14.130434782608695,135.52173913043478,14.0,51.26086956521739,16.869565217391305,15.217391304347826,21.0,19.434782608695652,15.608695652173912,11.869565217391305
7283,Kerala Blasters,1238,108,Indian Super league,2021/2022,India,male,23,0.0,0.0,0.0,0.0,0.0,0.0,0.0,0.0,0.0,0.0,0.0,0.0,25.052424705274266,0.15695307478037282,0.26569530747803727,0.0,0.0,405.82608695652175,292.69565217391306,12.956521739130435,138.56521739130434,14.695652173913043,51.26086956521739,18.08695652173913,17.434782608695652,21.304347826086957,17.0,13.782608695652174,10.521739130434783
7284,Bengaluru,1238,108,Indian Super league,2021/2022,India,male,20,0.0,0.0,0.0,0.0,0.0,0.0,0.0,0.0,0.0,0.0,0.0,0.0,24.139953480787597,0.16238542491795857,0.2578929500961865,0.0,0.0,441.85,318.35,12.85,131.35,11.8,47.6,17.05,18.5,17.75,15.6,14.9,10.5
7285,NorthEast United,1238,108,Indian Super league,2021/2022,India,male,20,0.0,0.0,0.0,0.0,0.0,0.0,0.0,0.0,0.0,0.0,0.0,0.0,23.94471128672343,0.1617666622322735,0.2491685512837568,0.0,0.0,375.85,280.3,13.85,134.65,14.75,53.0,19.05,14.15,18.7,17.1,14.25,11.1
2021,Jamshedpur,1238,108,Indian Super league,2021/2022,India,male,22,0.0,0.0,0.0,0.0,0.0,0.0,0.0,0.0,0.0,0.0,0.0,0.0,24.913168099260783,0.17434736281299948,0.2775705913692062,0.0,0.0,341.27272727272725,238.3181818181818,14.5,141.1818181818182,14.772727272727273,55.04545454545455,15.045454545454545,16.90909090909091,21.545454545454547,17.272727272727273,16.09090909090909,10.454545454545455
7286,East Bengal,1238,108,Indian Super league,2021/2022,India,male,20,0.0,0.0,0.0,0.0,0.0,0.0,0.0,0.0,0.0,0.0,0.0,0.0,25.44868992504255,0.1523150151449589,0.2959757680657724,0.0,0.0,346.65,236.3,11.3,152.3,13.45,46.0,16.85,13.4,25.45,19.55,14.65,10.05
7288,Goa,1238,108,Indian Super league,2021/2022,India,male,20,0.0,0.0,0.0,0.0,0.0,0.0,0.0,0.0,0.0,0.0,0.0,0.0,20.905398282471964,0.18514018691588785,0.19037383177570094,0.0,0.0,535.0,428.1,15.6,124.3,19.5,56.35,14.25,12.85,16.4,15.55,15.55,13.15
7291,Odisha,1238,108,Indian Super league,2021/2022,India,male,20,0.0,0.0,0.0,0.0,0.0,0.0,0.0,0.0,0.0,0.0,0.0,0.0,24.54662529782009,0.15218502427804753,0.2697418860209558,0.0,0.0,391.3,296.95,11.3,133.3,17.4,52.0,14.65,14.05,21.25,17.8,15.25,11.2
7287,Mumbai City,1238,108,Indian Super league,2021/2022,India,male,20,0.0,0.0,0.0,0.0,0.0,0.0,0.0,0.0,0.0,0.0,0.0,0.0,22.943328753326554,0.16434689507494646,0.241220556745182,0.0,0.0,467.0,358.5,14.5,123.3,14.95,53.05,14.65,12.4,19.75,16.25,12.9,10.15
7290,Chennaiyin,1238,108,Indian Super league,2021/2022,India,male,20,0.0,0.0,0.0,0.0,0.0,0.0,0.0,0.0,0.0,0.0,0.0,0.0,22.56629961077811,0.18096371207614514,0.22546103509815585,0.0,0.0,420.25,298.0,11.35,141.2,13.85,47.9,15.65,12.95,24.3,18.1,15.4,10.15
215,Athletic Club,11,24,La Liga,2012/2013,Spain,male,2,0.0,0.0,0.0,0.0,0.0,0.0,0.0,0.0,0.0,0.0,0.0,0.0,20.92701933870029,0.19980601357904948,0.18913676042677013,0.0,0.0,515.5,380.0,6.5,266.5,17.5,60.5,11.0,15.5,14.5,14.5,14.5,15.5
217,Barcelona,11,24,La Liga,2012/2013,Spain,male,32,0.0,0.0,0.0,0.0,0.0,0.0,0.0,0.0,0.0,0.0,0.0,0.0,18.23093407132325,0.23942825467215711,0.13101837187203041,0.0,0.0,789.25,687.1875,13.53125,127.625,28.5625,54.875,7.71875,11.84375,18.28125,14.71875,13.15625,13.5
901,Real Valladolid,11,24,La Liga,2012/2013,Spain,male,1,0.0,0.0,0.0,0.0,0.0,0.0,0.0,0.0,0.0,0.0,0.0,0.0,21.36487441137441,0.23222748815165878,0.2014218009478673,0.0,0.0,422.0,333.0,4.0,160.0,8.0,62.0,18.0,18.0,32.0,18.0,24.0,18.0
1049,Granada,11,24,La Liga,2012/2013,Spain,male,2,0.0,0.0,0.0,0.0,0.0,0.0,0.0,0.0,0.0,0.0,0.0,0.0,24.834163848370494,0.22298456260720412,0.27101200686106347,0.0,0.0,291.5,245.0,7.0,238.5,25.0,56.0,14.0,19.5,25.5,14.5,14.5,13.5
218,Real Betis,11,24,La Liga,2012/2013,Spain,male,2,0.0,0.0,0.0,0.0,0.0,0.0,0.0,0.0,0.0,0.0,0.0,0.0,21.502538794117648,0.20989304812834225,0.22058823529411764,0.0,0.0,374.0,271.0,7.5,155.5,15.5,47.5,10.5,16.5,21.0,14.5,12.0,7.5
209,Celta Vigo,11,24,La Liga,2012/2013,Spain,male,2,0.0,0.0,0.0,0.0,0.0,0.0,0.0,0.0,0.0,0.0,0.0,0.0,22.97428550974576,0.2019774011299435,0.2387005649717514,0.0,0.0,354.0,283.0,9.0,183.5,16.5,45.0,9.5,17.5,24.0,18.5,12.0,12.5
207,Valencia,11,24,La Liga,2012/2013,Spain,male,2,0.0,0.0,0.0,0.0,0.0,0.0,0.0,0.0,0.0,0.0,0.0,0.0,22.587277851685396,0.1585518102372035,0.2272159800249688,0.0,0.0,400.5,318.5,12.5,221.0,20.0,50.0,7.5,22.0,21.0,17.5,9.5,12.5
1043,Mallorca,11,24,La Liga,2012/2013,Spain,male,1,0.0,0.0,0.0,0.0,0.0,0.0,0.0,0.0,0.0,0.0,0.0,0.0,24.90265245423729,0.2271186440677966,0.29491525423728815,0.0,0.0,295.0,219.0,6.0,280.0,15.0,49.0,15.0,27.0,35.0,17.0,5.0,9.0
220,Real Madrid,11,24,La Liga,2012/2013,Spain,male,2,0.0,0.0,0.0,0.0,0.0,0.0,0.0,0.0,0.0,0.0,0.0,0.0,25.30801688092949,0.1778846153846154,0.28365384615384615,0.0,0.0,312.0,249.0,11.5,222.0,17.5,37.5,13.5,27.5,17.5,15.0,11.0,6.0
219,RC Deportivo La Coruña,11,24,La Liga,2012/2013,Spain,male,2,0.0,0.0,0.0,0.0,0.0,0.0,0.0,0.0,0.0,0.0,0.0,0.0,21.409018591623038,0.22251308900523561,0.193717277486911,0.0,0.0,382.0,305.5,8.0,275.5,15.5,42.5,11.0,16.0,17.0,8.0,14.0,17.5
221,Levante UD,11,24,La Liga,2012/2013,Spain,male,1,0.0,0.0,0.0,0.0,0.0,0.0,0.0,0.0,0.0,0.0,0.0,0.0,26.097204183333336,0.2375,0.3416666666666667,0.0,0.0,240.0,193.0,13.0,174.0,18.0,61.0,14.0,8.0,17.0,19.0,14.0,8.0
212,Atlético Madrid,11,24,La Liga,2012/2013,Spain,male,2,0.0,0.0,0.0,0.0,0.0,0.0,0.0,0.0,0.0,0.0,0.0,0.0,20.439546148869347,0.22487437185929648,0.18090452261306533,0.0,0.0,398.0,323.0,10.0,152.0,17.5,56.0,7.5,22.0,22.0,20.5,10.5,11.5
216,Getafe,11,24,La Liga,2012/2013,Spain,male,2,0.0,0.0,0.0,0.0,0.0,0.0,0.0,0.0,0.0,0.0,0.0,0.0,23.152718789217136,0.18020679468242246,0.2466765140324963,0.0,0.0,338.5,231.0,5.5,201.0,21.0,38.0,14.0,16.0,24.0,19.0,12.5,6.5
214,Espanyol,11,24,La Liga,2012/2013,Spain,male,1,0.0,0.0,0.0,0.0,0.0,0.0,0.0,0.0,0.0,0.0,0.0,0.0,22.796914917869415,0.29896907216494845,0.2542955326460481,0.0,0.0,291.0,213.0,5.0,117.0,13.0,38.0,17.0,30.0,23.0,19.0,16.0,18.0
210,Real Sociedad,11,24,La Liga,2012/2013,Spain,male,2,0.0,0.0,0.0,0.0,0.0,0.0,0.0,0.0,0.0,0.0,0.0,0.0,24.003378055007474,0.19431988041853512,0.26307922272047835,0.0,0.0,334.5,230.5,10.0,120.0,10.5,44.0,10.0,15.0,23.0,13.0,12.0,5.0
422,Osasuna,11,24,La Liga,2012/2013,Spain,male,2,0.0,0.0,0.0,0.0,0.0,0.0,0.0,0.0,0.0,0.0,0.0,0.0,26.84412203634812,0.1757679180887372,0.3225255972696246,0.0,0.0,293.0,193.5,9.0,156.0,14.5,47.5,14.5,16.5,27.0,19.5,10.5,8.0
360,Rayo Vallecano,11,24,La Liga,2012/2013,Spain,male,2,0.0,0.0,0.0,0.0,0.0,0.0,0.0,0.0,0.0,0.0,0.0,0.0,19.84188549254054,0.267027027027027,0.19027027027027027,0.0,0.0,462.5,366.5,17.0,255.0,17.0,53.5,17.5,24.0,28.0,19.5,13.0,12.0
213,Sevilla,11,24,La Liga,2012/2013,Spain,male,2,0.0,0.0,0.0,0.0,0.0,0.0,0.0,0.0,0.0,0.0,0.0,0.0,22.214558560589058,0.20336605890603085,0.2244039270687237,0.0,0.0,356.5,298.0,7.0,222.0,20.5,50.0,18.0,17.5,26.5,25.5,17.0,7.0
395,Real Zaragoza,11,24,La Liga,2012/2013,Spain,male,1,0.0,0.0,0.0,0.0,0.0,0.0,0.0,0.0,0.0,0.0,0.0,0.0,21.38141677223476,0.22799097065462753,0.21896162528216703,0.0,0.0,443.0,356.0,12.0,296.0,20.0,46.0,13.0,19.0,18.0,10.0,11.0,2.0
223,Málaga,11,24,La Liga,2012/2013,Spain,male,1,0.0,0.0,0.0,0.0,0.0,0.0,0.0,0.0,0.0,0.0,0.0,0.0,20.759631433333332,0.20125786163522014,0.18029350104821804,0.0,0.0,477.0,384.0,7.0,158.0,18.0,39.0,12.0,20.0,20.0,23.0,12.0,13.0
217,Barcelona,11,25,La Liga,2013/2014,Spain,male,31,0.0,0.0,0.0,0.0,0.0,0.0,0.0,0.0,0.0,0.0,0.0,0.0,18.81968532983217,0.23373119312205606,0.1463849636438469,0.0,0.0,705.3870967741935,614.3548387096774,17.322580645161292,127.12903225806451,32.41935483870968,54.29032258064516,7.451612903225806,12.774193548387096,21.451612903225808,14.838709677419354,12.451612903225806,13.483870967741936
403,Almería,11,25,La Liga,2013/2014,Spain,male,2,0.0,0.0,0.0,0.0,0.0,0.0,0.0,0.0,0.0,0.0,0.0,0.0,23.534907300406505,0.2048780487804878,0.2634146341463415,0.0,0.0,307.5,242.0,5.5,216.0,17.5,51.5,6.5,19.5,25.5,25.0,16.5,13.5
218,Real Betis,11,25,La Liga,2013/2014,Spain,male,2,0.0,0.0,0.0,0.0,0.0,0.0,0.0,0.0,0.0,0.0,0.0,0.0,23.440607153398055,0.18932038834951456,0.2512135922330097,0.0,0.0,412.0,313.5,14.0,215.5,33.5,61.0,14.0,23.5,12.0,14.5,9.5,10.5
213,Sevilla,11,25,La Liga,2013/2014,Spain,male,2,0.0,0.0,0.0,0.0,0.0,0.0,0.0,0.0,0.0,0.0,0.0,0.0,23.265954602173917,0.19309462915601022,0.24296675191815856,0.0,0.0,391.0,309.0,10.5,177.5,12.5,59.5,7.0,29.0,20.0,17.0,15.5,14.0
207,Valencia,11,25,La Liga,2013/2014,Spain,male,2,0.0,0.0,0.0,0.0,0.0,0.0,0.0,0.0,0.0,0.0,0.0,0.0,23.343229047601007,0.16414141414141414,0.23863636363636365,0.0,0.0,396.0,324.0,12.0,172.5,12.5,53.5,8.0,17.0,24.5,22.0,16.5,15.0
360,Rayo Vallecano,11,25,La Liga,2013/2014,Spain,male,2,0.0,0.0,0.0,0.0,0.0,0.0,0.0,0.0,0.0,0.0,0.0,0.0,20.218239397479426,0.23559670781893005,0.19547325102880658,0.0,0.0,486.0,374.5,12.5,167.0,23.0,47.0,14.5,19.0,24.0,17.5,16.5,11.5
223,Málaga,11,25,La Liga,2013/2014,Spain,male,1,0.0,0.0,0.0,0.0,0.0,0.0,0.0,0.0,0.0,0.0,0.0,0.0,22.104951838244514,0.16614420062695925,0.20376175548589343,0.0,0.0,319.0,239.0,3.0,157.0,15.0,38.0,13.0,18.0,29.0,31.0,14.0,15.0
1049,Granada,11,25,La Liga,2013/2014,Spain,male,1,0.0,0.0,0.0,0.0,0.0,0.0,0.0,0.0,0.0,0.0,0.0,0.0,30.863927395238097,0.17989417989417988,0.4021164021164021,0.0,0.0,189.0,150.0,5.0,191.0,29.0,50.0,15.0,20.0,43.0,33.0,7.0,7.0
210,Real Sociedad,11,25,La Liga,2013/2014,Spain,male,2,0.0,0.0,0.0,0.0,0.0,0.0,0.0,0.0,0.0,0.0,0.0,0.0,24.423217275726742,0.18459302325581395,0.2616279069767442,0.0,0.0,344.0,252.0,11.0,169.5,17.5,41.5,15.0,15.0,21.0,25.0,8.0,9.5
222,Villarreal,11,25,La Liga,2013/2014,Spain,male,1,0.0,0.0,0.0,0.0,0.0,0.0,0.0,0.0,0.0,0.0,0.0,0.0,23.86545308146853,0.15734265734265734,0.2517482517482518,0.0,0.0,286.0,245.0,5.0,211.0,26.0,52.0,13.0,17.0,39.0,25.0,9.0,12.0
221,Levante UD,11,25,La Liga,2013/2014,Spain,male,2,0.0,0.0,0.0,0.0,0.0,0.0,0.0,0.0,0.0,0.0,0.0,0.0,28.421070931872507,0.1553784860557769,0.34462151394422313,0.0,0.0,251.0,172.0,5.5,146.0,10.5,40.0,8.5,20.5,29.5,23.5,10.0,10.5
422,Osasuna,11,25,La Liga,2013/2014,Spain,male,2,0.0,0.0,0.0,0.0,0.0,0.0,0.0,0.0,0.0,0.0,0.0,0.0,25.36712307955975,0.18081761006289307,0.2783018867924528,0.0,0.0,318.0,231.5,5.0,190.0,9.5,42.5,10.0,17.0,25.5,17.5,14.0,7.5
215,Athletic Club,11,25,La Liga,2013/2014,Spain,male,1,0.0,0.0,0.0,0.0,0.0,0.0,0.0,0.0,0.0,0.0,0.0,0.0,24.420964322632795,0.16859122401847576,0.25635103926096997,0.0,0.0,433.0,272.0,10.0,163.0,15.0,50.0,6.0,25.0,15.0,25.0,10.0,7.0
1042,Elche,11,25,La Liga,2013/2014,Spain,male,1,0.0,0.0,0.0,0.0,0.0,0.0,0.0,0.0,0.0,0.0,0.0,0.0,27.54824630212766,0.15602836879432624,0.3191489361702128,0.0,0.0,282.0,230.0,8.0,194.0,17.0,46.0,6.0,21.0,45.0,24.0,16.0,9.0
209,Celta Vigo,11,25,La Liga,2013/2014,Spain,male,2,0.0,0.0,0.0,0.0,0.0,0.0,0.0,0.0,0.0,0.0,0.0,0.0,21.91623617195122,0.16585365853658537,0.22317073170731708,0.0,0.0,410.0,348.0,9.5,265.5,15.5,52.0,12.0,15.0,15.0,22.0,16.5,17.0
220,Real Madrid,11,25,La Liga,2013/2014,Spain,male,2,0.0,0.0,0.0,0.0,0.0,0.0,0.0,0.0,0.0,0.0,0.0,0.0,22.36861678275862,0.17752234993614305,0.23243933588761176,0.0,0.0,391.5,342.0,12.0,235.0,24.0,49.0,13.5,22.5,26.5,20.5,13.5,8.5
214,Espanyol,11,25,La Liga,2013/2014,Spain,male,2,0.0,0.0,0.0,0.0,0.0,0.0,0.0,0.0,0.0,0.0,0.0,0.0,26.339614018350165,0.1734006734006734,0.28619528619528617,0.0,0.0,297.0,208.0,8.0,212.5,17.0,51.0,11.0,25.5,28.0,21.5,10.5,10.5
212,Atlético Madrid,11,25,La Liga,2013/2014,Spain,male,2,0.0,0.0,0.0,0.0,0.0,0.0,0.0,0.0,0.0,0.0,0.0,0.0,21.66239147641243,0.2824858757062147,0.23022598870056496,0.0,0.0,354.0,242.0,8.5,177.0,23.5,52.5,13.5,18.0,24.0,21.5,12.0,18.5
216,Getafe,11,25,La Liga,2013/2014,Spain,male,1,0.0,0.0,0.0,0.0,0.0,0.0,0.0,0.0,0.0,0.0,0.0,0.0,26.336924833984376,0.18359375,0.3125,0.0,0.0,256.0,207.0,7.0,260.0,18.0,50.0,19.0,12.0,33.0,22.0,15.0,9.0
901,Real Valladolid,11,25,La Liga,2013/2014,Spain,male,1,0.0,0.0,0.0,0.0,0.0,0.0,0.0,0.0,0.0,0.0,0.0,0.0,27.916383458992804,0.16546762589928057,0.31654676258992803,0.0,0.0,278.0,198.0,7.0,314.0,13.0,50.0,3.0,18.0,30.0,21.0,17.0,14.0
3169,Hoffenheim W,135,281,Frauen Bundesliga,2023/2024,Germany,female,22,0.0,0.0,0.0,0.0,0.0,0.0,0.0,0.0,0.0,0.0,0.0,0.0,21.5875433667658,0.15794723002992112,0.19956478375192674,0.0,0.0,501.3181818181818,405.6818181818182,13.454545454545455,165.04545454545453,20.181818181818183,67.13636363636364,10.363636363636363,11.727272727272727,25.0,25.5,18.818181818181817,16.954545454545453
3165,SC Freiburg,135,281,Frauen Bundesliga,2023/2024,Germany,female,22,0.0,0.0,0.0,0.0,0.0,0.0,0.0,0.0,0.0,0.0,0.0,0.0,20.437220665917778,0.20870452858203414,0.1875463994060876,0.0,0.0,489.8181818181818,379.40909090909093,12.590909090909092,188.13636363636363,17.545454545454547,68.63636363636364,12.181818181818182,10.5,27.90909090909091,25.136363636363637,18.454545454545453,16.045454545454547
19106,Nürnberg W,135,281,Frauen Bundesliga,2023/2024,Germany,female,22,0.0,0.0,0.0,0.0,0.0,0.0,0.0,0.0,0.0,0.0,0.0,0.0,21.9785131516484,0.17785694710879693,0.22732255412441765,0.0,0.0,331.72727272727275,243.72727272727272,7.7272727272727275,195.45454545454547,10.863636363636363,52.86363636363637,9.272727272727273,14.045454545454545,37.81818181818182,30.045454545454547,18.454545454545453,11.545454545454545
929,VfL Wolfsburg WFC,135,281,Frauen Bundesliga,2023/2024,Germany,female,22,0.0,0.0,0.0,0.0,0.0,0.0,0.0,0.0,0.0,0.0,0.0,0.0,19.599040301675558,0.19430973165211768,0.16432266408018106,0.0,0.0,562.3636363636364,435.45454545454544,19.545454545454547,161.54545454545453,19.681818181818183,70.68181818181819,10.363636363636363,11.909090909090908,19.272727272727273,22.136363636363637,20.272727272727273,13.818181818181818
3170,Eintracht Frankfurt W,135,281,Frauen Bundesliga,2023/2024,Germany,female,22,0.0,0.0,0.0,0.0,0.0,0.0,0.0,0.0,0.0,0.0,0.0,0.0,20.0351543637479,0.18915460289530514,0.17571782772134686,0.0,0.0,568.3181818181819,471.5,14.681818181818182,157.72727272727272,20.454545454545453,67.9090909090909,10.909090909090908,10.045454545454545,15.954545454545455,22.272727272727273,19.59090909090909,15.181818181818182
3168,SV Werder Bremen,135,281,Frauen Bundesliga,2023/2024,Germany,female,22,0.0,0.0,0.0,0.0,0.0,0.0,0.0,0.0,0.0,0.0,0.0,0.0,21.856474007182467,0.18033486189612882,0.2214994134584622,0.0,0.0,426.22727272727275,325.8636363636364,11.227272727272727,199.0,18.045454545454547,67.9090909090909,12.0,14.909090909090908,25.0,26.5,19.772727272727273,15.318181818181818
1069,Bayern München W,135,281,Frauen Bundesliga,2023/2024,Germany,female,22,0.0,0.0,0.0,0.0,0.0,0.0,0.0,0.0,0.0,0.0,0.0,0.0,20.125677432821004,0.17326077364318282,0.16200911898808648,0.0,0.0,618.0909090909091,523.3636363636364,16.636363636363637,168.0909090909091,19.636363636363637,60.72727272727273,8.409090909090908,9.0,17.181818181818183,23.90909090909091,16.363636363636363,14.727272727272727
19107,RB Leipzig W,135,281,Frauen Bundesliga,2023/2024,Germany,female,22,0.0,0.0,0.0,0.0,0.0,0.0,0.0,0.0,0.0,0.0,0.0,0.0,21.135891394489185,0.1960423377818684,0.2101932811780948,0.0,0.0,395.09090909090907,285.8181818181818,10.0,199.8181818181818,14.454545454545455,64.45454545454545,12.5,13.590909090909092,28.5,26.636363636363637,21.454545454545453,14.909090909090908
3166,TSV Bayer 04 Leverkusen,135,281,Frauen Bundesliga,2023/2024,Germany,female,22,0.0,0.0,0.0,0.0,0.0,0.0,0.0,0.0,0.0,0.0,0.0,0.0,20.581882364403956,0.18926011910770163,0.1878469768850308,0.0,0.0,450.3181818181818,370.27272727272725,11.636363636363637,182.8181818181818,19.0,70.27272727272727,11.590909090909092,11.681818181818182,26.318181818181817,22.59090909090909,19.40909090909091,15.772727272727273
6602,Köln,135,281,Frauen Bundesliga,2023/2024,Germany,female,22,0.0,0.0,0.0,0.0,0.0,0.0,0.0,0.0,0.0,0.0,0.0,0.0,19.994558520204173,0.2248062015503876,0.1865924227535757,0.0,0.0,416.3181818181818,330.54545454545456,11.727272727272727,185.63636363636363,19.0,72.54545454545455,10.681818181818182,12.409090909090908,32.40909090909091,24.181818181818183,22.772727272727273,16.59090909090909
924,Duisburg WFC,135,281,Frauen Bundesliga,2023/2024,Germany,female,22,0.0,0.0,0.0,0.0,0.0,0.0,0.0,0.0,0.0,0.0,0.0,0.0,23.051698953979738,0.1848440994605973,0.25693987633206156,0.0,0.0,345.5,246.63636363636363,8.090909090909092,220.3181818181818,12.136363636363637,56.86363636363637,15.0,13.454545454545455,29.636363636363637,26.681818181818183,17.90909090909091,10.909090909090908
3164,SGS Essen 19/68,135,281,Frauen Bundesliga,2023/2024,Germany,female,22,0.0,0.0,0.0,0.0,0.0,0.0,0.0,0.0,0.0,0.0,0.0,0.0,22.28359302339166,0.1707760481763436,0.23724576752641746,0.0,0.0,400.04545454545456,332.90909090909093,12.681818181818182,191.04545454545453,25.045454545454547,77.4090909090909,12.136363636363637,10.318181818181818,20.727272727272727,29.045454545454547,20.40909090909091,18.09090909090909
217,Barcelona,11,23,La Liga,2011/2012,Spain,male,37,0.0,0.0,0.0,0.0,0.0,0.0,0.0,0.0,0.0,0.0,0.0,0.0,18.764746115439962,0.210543279733553,0.13924005300290082,0.0,0.0,754.6756756756756,672.6756756756756,16.324324324324323,117.67567567567568,30.675675675675677,55.16216216216216,7.756756756756757,12.108108108108109,17.89189189189189,15.378378378378379,12.54054054054054,15.18918918918919
422,Osasuna,11,23,La Liga,2011/2012,Spain,male,2,0.0,0.0,0.0,0.0,0.0,0.0,0.0,0.0,0.0,0.0,0.0,0.0,26.18473664282983,0.21414913957934992,0.3231357552581262,0.0,0.0,261.5,160.5,6.5,195.0,8.5,43.0,11.0,26.0,37.5,27.5,13.0,12.5
207,Valencia,11,23,La Liga,2011/2012,Spain,male,2,0.0,0.0,0.0,0.0,0.0,0.0,0.0,0.0,0.0,0.0,0.0,0.0,24.430991407985257,0.16707616707616707,0.269041769041769,0.0,0.0,407.0,301.5,5.5,206.5,15.0,45.5,17.5,17.5,25.5,19.0,9.0,15.5
213,Sevilla,11,23,La Liga,2011/2012,Spain,male,2,0.0,0.0,0.0,0.0,0.0,0.0,0.0,0.0,0.0,0.0,0.0,0.0,23.116055203944022,0.20483460559796438,0.24173027989821882,0.0,0.0,393.0,291.5,7.5,252.5,12.0,46.5,10.0,14.5,24.5,23.5,12.5,10.0
395,Real Zaragoza,11,23,La Liga,2011/2012,Spain,male,2,0.0,0.0,0.0,0.0,0.0,0.0,0.0,0.0,0.0,0.0,0.0,0.0,26.27793652435897,0.16666666666666666,0.315018315018315,0.0,0.0,273.0,211.0,7.5,185.0,16.0,50.5,8.0,21.0,28.0,24.0,11.5,7.0
212,Atlético Madrid,11,23,La Liga,2011/2012,Spain,male,2,0.0,0.0,0.0,0.0,0.0,0.0,0.0,0.0,0.0,0.0,0.0,0.0,22.02182896567376,0.2198581560283688,0.21560283687943263,0.0,0.0,352.5,305.5,9.5,222.0,25.5,61.5,13.5,26.5,21.5,14.5,10.0,15.5
1217,Racing Santander,11,23,La Liga,2011/2012,Spain,male,2,0.0,0.0,0.0,0.0,0.0,0.0,0.0,0.0,0.0,0.0,0.0,0.0,23.323293709537037,0.24259259259259258,0.2537037037037037,0.0,0.0,270.0,191.0,2.0,237.0,16.5,48.5,4.5,25.0,17.0,22.5,15.5,10.0
210,Real Sociedad,11,23,La Liga,2011/2012,Spain,male,2,0.0,0.0,0.0,0.0,0.0,0.0,0.0,0.0,0.0,0.0,0.0,0.0,24.63259535342262,0.20535714285714285,0.28422619047619047,0.0,0.0,336.0,236.5,9.0,257.0,23.0,47.0,13.0,15.0,22.5,19.5,9.5,10.0
360,Rayo Vallecano,11,23,La Liga,2011/2012,Spain,male,2,0.0,0.0,0.0,0.0,0.0,0.0,0.0,0.0,0.0,0.0,0.0,0.0,24.610046408032787,0.1721311475409836,0.28032786885245903,0.0,0.0,305.0,236.5,9.5,266.0,16.0,52.0,17.5,24.0,30.5,20.5,9.0,14.0
223,Málaga,11,23,La Liga,2011/2012,Spain,male,2,0.0,0.0,0.0,0.0,0.0,0.0,0.0,0.0,0.0,0.0,0.0,0.0,21.55074066257493,0.2220708446866485,0.21525885558583105,0.0,0.0,367.0,281.0,10.0,266.5,17.0,52.0,13.5,17.0,17.5,15.5,13.0,11.5
215,Athletic Club,11,23,La Liga,2011/2012,Spain,male,2,0.0,0.0,0.0,0.0,0.0,0.0,0.0,0.0,0.0,0.0,0.0,0.0,22.392539098857146,0.176,0.22514285714285714,0.0,0.0,437.5,345.0,4.0,218.0,19.0,58.0,14.0,27.0,27.5,18.0,16.0,13.5
1043,Mallorca,11,23,La Liga,2011/2012,Spain,male,2,0.0,0.0,0.0,0.0,0.0,0.0,0.0,0.0,0.0,0.0,0.0,0.0,24.54062637679783,0.14789687924016282,0.26865671641791045,0.0,0.0,368.5,296.5,6.0,206.0,17.0,45.5,17.0,20.5,18.5,18.0,16.5,10.5
220,Real Madrid,11,23,La Liga,2011/2012,Spain,male,2,0.0,0.0,0.0,0.0,0.0,0.0,0.0,0.0,0.0,0.0,0.0,0.0,23.693967179768787,0.21676300578034682,0.2658959537572254,0.0,0.0,346.0,285.5,15.5,258.5,18.0,55.0,16.0,25.0,21.5,22.5,8.0,9.5
1049,Granada,11,23,La Liga,2011/2012,Spain,male,2,0.0,0.0,0.0,0.0,0.0,0.0,0.0,0.0,0.0,0.0,0.0,0.0,24.452065625065362,0.20261437908496732,0.2761437908496732,0.0,0.0,306.0,209.0,4.0,180.0,10.0,38.0,5.0,20.0,24.0,21.0,10.0,5.5
221,Levante UD,11,23,La Liga,2011/2012,Spain,male,2,0.0,0.0,0.0,0.0,0.0,0.0,0.0,0.0,0.0,0.0,0.0,0.0,24.727428982491585,0.18855218855218855,0.2558922558922559,0.0,0.0,297.0,237.0,5.5,178.0,17.0,48.5,9.5,17.5,21.5,18.5,14.5,15.0
216,Getafe,11,23,La Liga,2011/2012,Spain,male,2,0.0,0.0,0.0,0.0,0.0,0.0,0.0,0.0,0.0,0.0,0.0,0.0,24.195835378787883,0.2103386809269162,0.28520499108734404,0.0,0.0,280.5,212.5,5.0,152.5,11.5,52.0,5.5,19.0,46.0,21.5,11.0,14.0
1041,Sporting Gijón,11,23,La Liga,2011/2012,Spain,male,1,0.0,0.0,0.0,0.0,0.0,0.0,0.0,0.0,0.0,0.0,0.0,0.0,23.859752444,0.21818181818181817,0.2727272727272727,0.0,0.0,275.0,233.0,6.0,207.0,20.0,43.0,10.0,22.0,31.0,15.0,12.0,18.0
218,Real Betis,11,23,La Liga,2011/2012,Spain,male,2,0.0,0.0,0.0,0.0,0.0,0.0,0.0,0.0,0.0,0.0,0.0,0.0,21.594787369093076,0.20763723150357996,0.20047732696897375,0.0,0.0,419.0,344.5,7.5,188.5,21.0,43.0,7.5,18.5,25.5,15.0,17.5,10.0
222,Villarreal,11,23,La Liga,2011/2012,Spain,male,2,0.0,0.0,0.0,0.0,0.0,0.0,0.0,0.0,0.0,0.0,0.0,0.0,20.52594507314815,0.22993827160493827,0.17746913580246915,0.0,0.0,324.0,250.5,4.5,235.0,18.0,44.5,20.5,21.5,22.0,23.0,13.5,13.5
214,Espanyol,11,23,La Liga,2011/2012,Spain,male,2,0.0,0.0,0.0,0.0,0.0,0.0,0.0,0.0,0.0,0.0,0.0,0.0,21.45002805363748,0.18372379778051787,0.21331689272503082,0.0,0.0,405.5,336.0,12.5,228.5,15.0,51.5,12.5,25.0,17.5,17.0,19.0,20.5
217,Barcelona,11,22,La Liga,2010/2011,Spain,male,33,0.0,0.0,0.0,0.0,0.0,0.0,0.0,0.0,0.0,0.0,0.0,0.0,18.551846148201037,0.2097065029733359,0.1319010166890466,0.0,0.0,789.8484848484849,704.3030303030303,15.181818181818182,119.18181818181819,31.454545454545453,54.54545454545455,6.424242424242424,11.909090909090908,19.96969696969697,14.151515151515152,12.121212121212121,14.484848484848484
212,Atlético Madrid,11,22,La Liga,2010/2011,Spain,male,2,0.0,0.0,0.0,0.0,0.0,0.0,0.0,0.0,0.0,0.0,0.0,0.0,24.18650171611511,0.1683453237410072,0.2733812949640288,0.0,0.0,347.5,266.5,7.5,186.0,18.0,44.5,8.0,20.5,25.0,14.0,10.5,15.5
222,Villarreal,11,22,La Liga,2010/2011,Spain,male,2,0.0,0.0,0.0,0.0,0.0,0.0,0.0,0.0,0.0,0.0,0.0,0.0,20.175960888368984,0.2192513368983957,0.18716577540106952,0.0,0.0,374.0,285.5,8.0,180.0,23.0,52.0,14.0,26.5,22.5,19.0,18.5,6.5
422,Osasuna,11,22,La Liga,2010/2011,Spain,male,2,0.0,0.0,0.0,0.0,0.0,0.0,0.0,0.0,0.0,0.0,0.0,0.0,24.095926402741934,0.17258064516129032,0.28225806451612906,0.0,0.0,310.0,192.0,8.0,180.0,14.5,43.5,14.5,23.0,21.0,24.5,15.5,14.0
403,Almería,11,22,La Liga,2010/2011,Spain,male,2,0.0,0.0,0.0,0.0,0.0,0.0,0.0,0.0,0.0,0.0,0.0,0.0,23.975849607275805,0.1844331641285956,0.2808798646362098,0.0,0.0,295.5,212.5,6.5,154.0,17.5,46.5,9.5,20.5,24.5,15.0,18.0,11.0
223,Málaga,11,22,La Liga,2010/2011,Spain,male,1,0.0,0.0,0.0,0.0,0.0,0.0,0.0,0.0,0.0,0.0,0.0,0.0,22.038337878097984,0.18155619596541786,0.20461095100864554,0.0,0.0,347.0,300.0,4.0,262.0,21.0,43.0,11.0,19.0,19.0,14.0,8.0,11.0
214,Espanyol,11,22,La Liga,2010/2011,Spain,male,2,0.0,0.0,0.0,0.0,0.0,0.0,0.0,0.0,0.0,0.0,0.0,0.0,23.13350845897114,0.164366373902133,0.24592220828105396,0.0,0.0,398.5,304.0,7.0,206.0,15.5,37.5,10.0,23.5,17.5,20.0,13.0,13.0
1217,Racing Santander,11,22,La Liga,2010/2011,Spain,male,2,0.0,0.0,0.0,0.0,0.0,0.0,0.0,0.0,0.0,0.0,0.0,0.0,21.930865412907433,0.17209908735332463,0.2255541069100391,0.0,0.0,383.5,303.5,9.5,218.0,14.0,45.5,11.0,20.5,24.5,11.5,11.5,9.5
216,Getafe,11,22,La Liga,2010/2011,Spain,male,2,0.0,0.0,0.0,0.0,0.0,0.0,0.0,0.0,0.0,0.0,0.0,0.0,22.605678479126873,0.15416098226466576,0.208731241473397,0.0,0.0,366.5,270.0,10.0,183.5,18.0,53.5,15.5,12.5,14.5,15.5,16.0,13.5
220,Real Madrid,11,22,La Liga,2010/2011,Spain,male,2,0.0,0.0,0.0,0.0,0.0,0.0,0.0,0.0,0.0,0.0,0.0,0.0,23.36827442398413,0.22857142857142856,0.25873015873015875,0.0,0.0,315.0,226.5,9.0,224.5,18.5,51.5,9.5,33.5,12.0,11.5,16.0,8.5
1218,Hércules,11,22,La Liga,2010/2011,Spain,male,2,0.0,0.0,0.0,0.0,0.0,0.0,0.0,0.0,0.0,0.0,0.0,0.0,23.563728458139536,0.24584717607973422,0.23920265780730898,0.0,0.0,301.0,233.5,6.5,256.5,21.0,49.0,9.0,13.5,37.5,19.5,11.0,13.0
207,Valencia,11,22,La Liga,2010/2011,Spain,male,2,0.0,0.0,0.0,0.0,0.0,0.0,0.0,0.0,0.0,0.0,0.0,0.0,22.09451614368192,0.22440087145969498,0.2559912854030501,0.0,0.0,459.0,369.5,6.5,210.5,26.0,62.0,14.0,16.5,13.0,27.5,13.5,16.0
210,Real Sociedad,11,22,La Liga,2010/2011,Spain,male,2,0.0,0.0,0.0,0.0,0.0,0.0,0.0,0.0,0.0,0.0,0.0,0.0,23.921148308255155,0.21575984990619138,0.2607879924953096,0.0,0.0,266.5,174.5,5.0,207.0,7.0,35.0,10.0,21.0,26.5,18.5,13.5,6.0
215,Athletic Club,11,22,La Liga,2010/2011,Spain,male,1,0.0,0.0,0.0,0.0,0.0,0.0,0.0,0.0,0.0,0.0,0.0,0.0,25.839241533969464,0.16412213740458015,0.3320610687022901,0.0,0.0,262.0,200.0,4.0,261.0,22.0,43.0,22.0,24.0,31.0,29.0,6.0,8.0
1043,Mallorca,11,22,La Liga,2010/2011,Spain,male,2,0.0,0.0,0.0,0.0,0.0,0.0,0.0,0.0,0.0,0.0,0.0,0.0,25.22509057527174,0.22282608695652173,0.29347826086956524,0.0,0.0,276.0,206.0,9.0,217.5,13.5,49.0,7.0,17.5,35.0,18.0,11.0,10.5
219,RC Deportivo La Coruña,11,22,La Liga,2010/2011,Spain,male,1,0.0,0.0,0.0,0.0,0.0,0.0,0.0,0.0,0.0,0.0,0.0,0.0,22.66977463060606,0.22424242424242424,0.23030303030303031,0.0,0.0,330.0,289.0,7.0,306.0,19.0,49.0,10.0,16.0,20.0,18.0,18.0,19.0
213,Sevilla,11,22,La Liga,2010/2011,Spain,male,2,0.0,0.0,0.0,0.0,0.0,0.0,0.0,0.0,0.0,0.0,0.0,0.0,24.084658985856905,0.22296173044925124,0.2562396006655574,0.0,0.0,300.5,209.5,7.5,146.5,16.5,45.0,12.0,20.0,24.5,19.0,15.5,8.5
221,Levante UD,11,22,La Liga,2010/2011,Spain,male,1,0.0,0.0,0.0,0.0,0.0,0.0,0.0,0.0,0.0,0.0,0.0,0.0,25.83789779142857,0.18775510204081633,0.3020408163265306,0.0,0.0,245.0,165.0,8.0,241.0,8.0,34.0,13.0,11.0,7.0,9.0,8.0,6.0
395,Real Zaragoza,11,22,La Liga,2010/2011,Spain,male,2,0.0,0.0,0.0,0.0,0.0,0.0,0.0,0.0,0.0,0.0,0.0,0.0,24.78599559159836,0.22131147540983606,0.28688524590163933,0.0,0.0,244.0,185.5,4.0,200.0,19.0,45.0,16.0,20.0,30.0,22.0,13.5,12.0
1041,Sporting Gijón,11,22,La Liga,2010/2011,Spain,male,1,0.0,0.0,0.0,0.0,0.0,0.0,0.0,0.0,0.0,0.0,0.0,0.0,28.45517851209302,0.19534883720930232,0.34418604651162793,0.0,0.0,215.0,177.0,7.0,212.0,27.0,55.0,14.0,21.0,29.0,25.0,5.0,17.0
209,Celta Vigo,11,38,La Liga,2005/2006,Spain,male,1,0.0,0.0,0.0,0.0,0.0,0.0,0.0,0.0,0.0,0.0,0.0,0.0,19.701333551113585,0.24721603563474387,0.15812917594654788,0.0,0.0,449.0,355.0,4.0,135.0,19.0,63.0,23.0,38.0,15.0,24.0,19.0,17.0
217,Barcelona,11,38,La Liga,2005/2006,Spain,male,17,0.0,0.0,0.0,0.0,0.0,0.0,0.0,0.0,0.0,0.0,0.0,0.0,20.97904458617169,0.18687192644857814,0.18655120803934147,0.0,0.0,550.2352941176471,450.6470588235294,18.58823529411765,136.0,31.352941176470587,63.76470588235294,7.647058823529412,19.176470588235293,28.176470588235293,14.0,16.235294117647058,14.235294117647058
422,Osasuna,11,38,La Liga,2005/2006,Spain,male,1,0.0,0.0,0.0,0.0,0.0,0.0,0.0,0.0,0.0,0.0,0.0,0.0,25.65357732154341,0.15434083601286175,0.27009646302250806,0.0,0.0,311.0,229.0,5.0,167.0,16.0,35.0,11.0,24.0,31.0,15.0,14.0,12.0
218,Real Betis,11,38,La Liga,2005/2006,Spain,male,1,0.0,0.0,0.0,0.0,0.0,0.0,0.0,0.0,0.0,0.0,0.0,0.0,22.65348244846797,0.16434540389972144,0.21448467966573817,0.0,0.0,359.0,246.0,11.0,192.0,15.0,50.0,11.0,26.0,32.0,14.0,11.0,12.0
552,Cádiz,11,38,La Liga,2005/2006,Spain,male,1,0.0,0.0,0.0,0.0,0.0,0.0,0.0,0.0,0.0,0.0,0.0,0.0,25.167562822,0.19,0.2875,0.0,0.0,400.0,227.0,12.0,152.0,24.0,71.0,4.0,30.0,23.0,23.0,23.0,17.0
223,Málaga,11,38,La Liga,2005/2006,Spain,male,1,0.0,0.0,0.0,0.0,0.0,0.0,0.0,0.0,0.0,0.0,0.0,0.0,26.16373770661479,0.19844357976653695,0.31906614785992216,0.0,0.0,257.0,184.0,5.0,139.0,12.0,59.0,6.0,27.0,47.0,26.0,13.0,19.0
206,Deportivo Alavés,11,38,La Liga,2005/2006,Spain,male,1,0.0,0.0,0.0,0.0,0.0,0.0,0.0,0.0,0.0,0.0,0.0,0.0,22.72200989050445,0.26706231454005935,0.23738872403560832,0.0,0.0,337.0,249.0,3.0,205.0,13.0,65.0,10.0,22.0,45.0,23.0,18.0,20.0
222,Villarreal,11,38,La Liga,2005/2006,Spain,male,1,0.0,0.0,0.0,0.0,0.0,0.0,0.0,0.0,0.0,0.0,0.0,0.0,21.720874806278026,0.23318385650224216,0.2219730941704036,0.0,0.0,446.0,335.0,6.0,217.0,17.0,67.0,12.0,26.0,32.0,23.0,17.0,13.0
216,Getafe,11,38,La Liga,2005/2006,Spain,male,1,0.0,0.0,0.0,0.0,0.0,0.0,0.0,0.0,0.0,0.0,0.0,0.0,22.780166138461542,0.17873303167420815,0.24660633484162897,0.0,0.0,442.0,370.0,7.0,157.0,24.0,57.0,24.0,21.0,18.0,14.0,13.0,3.0
214,Espanyol,11,38,La Liga,2005/2006,Spain,male,1,0.0,0.0,0.0,0.0,0.0,0.0,0.0,0.0,0.0,0.0,0.0,0.0,25.5965107590106,0.15901060070671377,0.30742049469964666,0.0,0.0,283.0,209.0,10.0,86.0,11.0,65.0,12.0,31.0,49.0,20.0,10.0,12.0
1217,Racing Santander,11,38,La Liga,2005/2006,Spain,male,1,0.0,0.0,0.0,0.0,0.0,0.0,0.0,0.0,0.0,0.0,0.0,0.0,26.391383331102357,0.2125984251968504,0.2992125984251969,0.0,0.0,254.0,220.0,2.0,217.0,27.0,56.0,8.0,34.0,22.0,25.0,14.0,16.0
395,Real Zaragoza,11,38,La Liga,2005/2006,Spain,male,2,0.0,0.0,0.0,0.0,0.0,0.0,0.0,0.0,0.0,0.0,0.0,0.0,24.754262275483875,0.1432258064516129,0.26193548387096777,0.0,0.0,387.5,290.0,6.5,130.5,17.5,54.5,14.0,22.0,20.5,12.0,13.5,15.0
212,Atlético Madrid,11,38,La Liga,2005/2006,Spain,male,1,0.0,0.0,0.0,0.0,0.0,0.0,0.0,0.0,0.0,0.0,0.0,0.0,24.52120146432927,0.17073170731707318,0.2774390243902439,0.0,0.0,328.0,250.0,13.0,170.0,22.0,60.0,13.0,29.0,41.0,18.0,24.0,9.0
1043,Mallorca,11,38,La Liga,2005/2006,Spain,male,1,0.0,0.0,0.0,0.0,0.0,0.0,0.0,0.0,0.0,0.0,0.0,0.0,24.283427801511333,0.16624685138539042,0.2770780856423174,0.0,0.0,397.0,319.0,5.0,107.0,16.0,64.0,12.0,19.0,41.0,15.0,12.0,13.0
213,Sevilla,11,38,La Liga,2005/2006,Spain,male,1,0.0,0.0,0.0,0.0,0.0,0.0,0.0,0.0,0.0,0.0,0.0,0.0,22.919444737726096,0.19121447028423771,0.24289405684754523,0.0,0.0,387.0,326.0,7.0,176.0,31.0,63.0,12.0,21.0,34.0,11.0,18.0,23.0
220,Real Madrid,11,38,La Liga,2005/2006,Spain,male,1,0.0,0.0,0.0,0.0,0.0,0.0,0.0,0.0,0.0,0.0,0.0,0.0,23.841124368589746,0.11965811965811966,0.25854700854700857,0.0,0.0,468.0,360.0,5.0,252.0,23.0,38.0,11.0,33.0,31.0,19.0,18.0,6.0
215,Athletic Club,11,38,La Liga,2005/2006,Spain,male,1,0.0,0.0,0.0,0.0,0.0,0.0,0.0,0.0,0.0,0.0,0.0,0.0,26.737697873061226,0.19183673469387755,0.3346938775510204,0.0,0.0,245.0,168.0,9.0,105.0,9.0,51.0,6.0,27.0,67.0,23.0,8.0,12.0
217,Barcelona,11,278,La Liga,1973/1974,Spain,male,1,0.0,0.0,0.0,0.0,0.0,0.0,0.0,0.0,0.0,0.0,0.0,0.0,25.21018178096591,0.11079545454545454,0.2840909090909091,0.0,0.0,352.0,307.0,21.0,129.0,22.0,68.0,5.0,20.0,35.0,21.0,17.0,15.0
220,Real Madrid,11,278,La Liga,1973/1974,Spain,male,1,0.0,0.0,0.0,0.0,0.0,0.0,0.0,0.0,0.0,0.0,0.0,0.0,21.369095018544606,0.1807511737089202,0.19718309859154928,0.0,0.0,426.0,330.0,7.0,127.0,23.0,57.0,13.0,16.0,19.0,21.0,20.0,11.0
217,Barcelona,11,37,La Liga,2004/2005,Spain,male,7,0.0,0.0,0.0,0.0,0.0,0.0,0.0,0.0,0.0,0.0,0.0,0.0,21.587208691392405,0.14810126582278482,0.19265822784810127,0.0,0.0,564.2857142857143,494.2857142857143,16.714285714285715,86.57142857142857,29.714285714285715,62.57142857142857,6.571428571428571,18.0,29.714285714285715,11.285714285714286,13.571428571428571,13.571428571428571
223,Málaga,11,37,La Liga,2004/2005,Spain,male,1,0.0,0.0,0.0,0.0,0.0,0.0,0.0,0.0,0.0,0.0,0.0,0.0,26.329330909774434,0.18421052631578946,0.3007518796992481,0.0,0.0,266.0,146.0,2.0,72.0,8.0,36.0,11.0,24.0,19.0,8.0,16.0,7.0
214,Espanyol,11,37,La Liga,2004/2005,Spain,male,1,0.0,0.0,0.0,0.0,0.0,0.0,0.0,0.0,0.0,0.0,0.0,0.0,25.522994077993527,0.1423948220064725,0.30097087378640774,0.0,0.0,309.0,222.0,10.0,78.0,19.0,57.0,7.0,27.0,63.0,16.0,17.0,12.0
608,Albacete,11,37,La Liga,2004/2005,Spain,male,2,0.0,0.0,0.0,0.0,0.0,0.0,0.0,0.0,0.0,0.0,0.0,0.0,24.428441140234952,0.2011747430249633,0.2657856093979442,0.0,0.0,340.5,243.0,5.0,116.5,16.5,53.5,7.5,23.5,22.5,14.0,10.0,15.0
422,Osasuna,11,37,La Liga,2004/2005,Spain,male,1,0.0,0.0,0.0,0.0,0.0,0.0,0.0,0.0,0.0,0.0,0.0,0.0,27.018466162463348,0.16715542521994134,0.3284457478005865,0.0,0.0,341.0,239.0,8.0,70.0,23.0,60.0,13.0,18.0,45.0,24.0,21.0,7.0
221,Levante UD,11,37,La Liga,2004/2005,Spain,male,1,0.0,0.0,0.0,0.0,0.0,0.0,0.0,0.0,0.0,0.0,0.0,0.0,25.159636916190475,0.12698412698412698,0.27936507936507937,0.0,0.0,315.0,224.0,6.0,151.0,19.0,55.0,6.0,29.0,37.0,15.0,21.0,15.0
216,Getafe,11,37,La Liga,2004/2005,Spain,male,1,0.0,0.0,0.0,0.0,0.0,0.0,0.0,0.0,0.0,0.0,0.0,0.0,23.690605115089518,0.16879795396419436,0.2608695652173913,0.0,0.0,391.0,321.0,5.0,105.0,18.0,49.0,11.0,26.0,31.0,13.0,13.0,15.0
1324,River Plate,81,48,Liga Profesional,1997/1998,Argentina,male,1,0.0,0.0,0.0,0.0,0.0,0.0,0.0,0.0,0.0,0.0,0.0,0.0,22.36719938832998,0.20925553319919518,0.2535211267605634,0.0,0.0,497.0,410.0,21.0,172.0,26.0,89.0,8.0,22.0,13.0,19.0,23.0,17.0
1328,Boca Juniors,81,48,Liga Profesional,1997/1998,Argentina,male,1,0.0,0.0,0.0,0.0,0.0,0.0,0.0,0.0,0.0,0.0,0.0,0.0,23.505439892824075,0.19212962962962962,0.25462962962962965,0.0,0.0,432.0,300.0,11.0,166.0,18.0,66.0,17.0,20.0,35.0,16.0,19.0,35.0
1328,Boca Juniors,81,275,Liga Profesional,1981,Argentina,male,1,0.0,0.0,0.0,0.0,0.0,0.0,0.0,0.0,0.0,0.0,0.0,0.0,19.161663343491124,0.26627218934911245,0.16272189349112426,0.0,0.0,338.0,300.0,12.0,163.0,48.0,56.0,10.0,28.0,20.0,21.0,9.0,12.0
1324,River Plate,81,275,Liga Profesional,1981,Argentina,male,1,0.0,0.0,0.0,0.0,0.0,0.0,0.0,0.0,0.0,0.0,0.0,0.0,18.905138563408524,0.24060150375939848,0.17794486215538846,0.0,0.0,399.0,330.0,12.0,188.0,31.0,56.0,13.0,31.0,16.0,12.0,6.0,23.0
1220,Recreativo Huelva,11,41,La Liga,2008/2009,Spain,male,2,0.0,0.0,0.0,0.0,0.0,0.0,0.0,0.0,0.0,0.0,0.0,0.0,24.192260113719513,0.17530487804878048,0.2606707317073171,0.0,0.0,328.0,220.5,6.5,180.5,19.0,55.0,11.0,20.5,25.5,18.0,12.5,6.5
217,Barcelona,11,41,La Liga,2008/2009,Spain,male,31,0.0,0.0,0.0,0.0,0.0,0.0,0.0,0.0,0.0,0.0,0.0,0.0,20.934563872710577,0.15653367109985222,0.18450496094574625,0.0,0.0,611.2258064516129,527.1290322580645,18.580645161290324,121.41935483870968,29.516129032258064,57.41935483870968,7.548387096774194,13.935483870967742,20.35483870967742,12.290322580645162,12.67741935483871,13.32258064516129
220,Real Madrid,11,41,La Liga,2008/2009,Spain,male,2,0.0,0.0,0.0,0.0,0.0,0.0,0.0,0.0,0.0,0.0,0.0,0.0,24.194845854951186,0.14365411436541142,0.26638772663877264,0.0,0.0,358.5,279.0,5.5,198.0,24.0,44.5,7.5,26.0,19.0,19.5,12.0,15.0
444,CD Numancia de Soria,11,41,La Liga,2008/2009,Spain,male,2,0.0,0.0,0.0,0.0,0.0,0.0,0.0,0.0,0.0,0.0,0.0,0.0,29.44411301657143,0.15619047619047619,0.3638095238095238,0.0,0.0,262.5,179.0,5.0,109.5,8.5,42.0,14.5,16.5,33.5,21.0,15.5,10.0
214,Espanyol,11,41,La Liga,2008/2009,Spain,male,2,0.0,0.0,0.0,0.0,0.0,0.0,0.0,0.0,0.0,0.0,0.0,0.0,25.546185817361113,0.15104166666666666,0.3020833333333333,0.0,0.0,288.0,212.0,2.5,159.5,13.5,43.5,11.0,25.5,44.0,19.5,18.0,12.5
1041,Sporting Gijón,11,41,La Liga,2008/2009,Spain,male,2,0.0,0.0,0.0,0.0,0.0,0.0,0.0,0.0,0.0,0.0,0.0,0.0,22.956997702608696,0.20347826086956522,0.25217391304347825,0.0,0.0,287.5,216.0,5.0,179.5,9.5,48.0,11.0,23.5,39.0,20.0,16.0,17.5
212,Atlético Madrid,11,41,La Liga,2008/2009,Spain,male,2,0.0,0.0,0.0,0.0,0.0,0.0,0.0,0.0,0.0,0.0,0.0,0.0,22.08421844188862,0.13922518159806296,0.22033898305084745,0.0,0.0,413.0,309.0,15.0,159.5,25.0,49.5,9.5,17.5,24.0,12.5,13.5,17.5
223,Málaga,11,41,La Liga,2008/2009,Spain,male,2,0.0,0.0,0.0,0.0,0.0,0.0,0.0,0.0,0.0,0.0,0.0,0.0,24.84723767789634,0.18140243902439024,0.31402439024390244,0.0,0.0,328.0,243.0,7.0,129.5,19.5,61.0,18.0,20.5,43.5,18.0,16.5,13.5
403,Almería,11,41,La Liga,2008/2009,Spain,male,2,0.0,0.0,0.0,0.0,0.0,0.0,0.0,0.0,0.0,0.0,0.0,0.0,24.827009001952753,0.14803149606299212,0.27086614173228346,0.0,0.0,317.5,256.0,5.5,162.5,19.0,49.0,8.0,18.0,27.0,14.5,13.5,12.0
215,Athletic Club,11,41,La Liga,2008/2009,Spain,male,1,0.0,0.0,0.0,0.0,0.0,0.0,0.0,0.0,0.0,0.0,0.0,0.0,26.105633078233435,0.138801261829653,0.2996845425867508,0.0,0.0,317.0,224.0,6.0,187.0,16.0,35.0,22.0,29.0,24.0,20.0,9.0,8.0
1217,Racing Santander,11,41,La Liga,2008/2009,Spain,male,2,0.0,0.0,0.0,0.0,0.0,0.0,0.0,0.0,0.0,0.0,0.0,0.0,25.489197243035715,0.16964285714285715,0.28035714285714286,0.0,0.0,280.0,189.5,4.5,232.0,13.5,35.5,12.5,27.0,29.0,17.5,10.0,12.5
222,Villarreal,11,41,La Liga,2008/2009,Spain,male,2,0.0,0.0,0.0,0.0,0.0,0.0,0.0,0.0,0.0,0.0,0.0,0.0,21.163234086925755,0.21345707656612528,0.19605568445475638,0.0,0.0,431.0,348.0,7.0,198.5,24.5,55.5,13.0,22.0,29.5,17.5,13.0,14.0
901,Real Valladolid,11,41,La Liga,2008/2009,Spain,male,2,0.0,0.0,0.0,0.0,0.0,0.0,0.0,0.0,0.0,0.0,0.0,0.0,23.836781945775403,0.2179144385026738,0.27406417112299464,0.0,0.0,374.0,234.5,4.5,126.5,15.0,51.5,10.0,19.5,28.0,15.5,15.0,14.0
216,Getafe,11,41,La Liga,2008/2009,Spain,male,1,0.0,0.0,0.0,0.0,0.0,0.0,0.0,0.0,0.0,0.0,0.0,0.0,25.900746861356932,0.12979351032448377,0.29793510324483774,0.0,0.0,339.0,259.0,3.0,195.0,27.0,63.0,12.0,23.0,23.0,18.0,18.0,4.0
218,Real Betis,11,41,La Liga,2008/2009,Spain,male,2,0.0,0.0,0.0,0.0,0.0,0.0,0.0,0.0,0.0,0.0,0.0,0.0,25.743055502203386,0.1694915254237288,0.29152542372881357,0.0,0.0,295.0,226.5,7.0,155.0,15.0,42.5,8.0,26.0,38.5,20.0,10.0,15.0
207,Valencia,11,41,La Liga,2008/2009,Spain,male,2,0.0,0.0,0.0,0.0,0.0,0.0,0.0,0.0,0.0,0.0,0.0,0.0,23.67463121586667,0.16666666666666666,0.24,0.0,0.0,375.0,295.0,7.0,199.5,23.0,55.0,9.0,25.5,29.0,23.0,10.5,10.0
213,Sevilla,11,41,La Liga,2008/2009,Spain,male,1,0.0,0.0,0.0,0.0,0.0,0.0,0.0,0.0,0.0,0.0,0.0,0.0,25.70515296883853,0.13314447592067988,0.3087818696883853,0.0,0.0,353.0,270.0,10.0,145.0,18.0,49.0,7.0,20.0,21.0,16.0,6.0,16.0
219,RC Deportivo La Coruña,11,41,La Liga,2008/2009,Spain,male,1,0.0,0.0,0.0,0.0,0.0,0.0,0.0,0.0,0.0,0.0,0.0,0.0,23.521698541642227,0.1935483870967742,0.2316715542521994,0.0,0.0,341.0,258.0,1.0,289.0,14.0,39.0,4.0,16.0,44.0,18.0,2.0,10.0
422,Osasuna,11,41,La Liga,2008/2009,Spain,male,1,0.0,0.0,0.0,0.0,0.0,0.0,0.0,0.0,0.0,0.0,0.0,0.0,23.788717410285717,0.16857142857142857,0.26,0.0,0.0,350.0,248.0,5.0,308.0,8.0,54.0,14.0,14.0,43.0,31.0,11.0,12.0
217,Barcelona,11,21,La Liga,2009/2010,Spain,male,35,0.0,0.0,0.0,0.0,0.0,0.0,0.0,0.0,0.0,0.0,0.0,0.0,20.237598828117047,0.16935518195360716,0.16867418599702064,0.0,0.0,671.2857142857143,587.6,15.342857142857143,118.77142857142857,28.65714285714286,52.08571428571429,7.914285714285715,14.685714285714285,19.914285714285715,15.2,12.82857142857143,13.714285714285714
223,Málaga,11,21,La Liga,2009/2010,Spain,male,2,0.0,0.0,0.0,0.0,0.0,0.0,0.0,0.0,0.0,0.0,0.0,0.0,24.635388195551602,0.19750889679715303,0.27580071174377224,0.0,0.0,281.0,218.0,4.0,230.5,10.0,49.5,9.0,24.0,33.0,19.0,16.0,10.5
213,Sevilla,11,21,La Liga,2009/2010,Spain,male,2,0.0,0.0,0.0,0.0,0.0,0.0,0.0,0.0,0.0,0.0,0.0,0.0,25.336729374223605,0.16304347826086957,0.2732919254658385,0.0,0.0,322.0,228.0,6.0,176.0,12.0,42.0,13.0,24.0,20.0,15.5,10.5,12.0
627,Tenerife,11,21,La Liga,2009/2010,Spain,male,2,0.0,0.0,0.0,0.0,0.0,0.0,0.0,0.0,0.0,0.0,0.0,0.0,24.43191639078014,0.17907801418439717,0.2765957446808511,0.0,0.0,282.0,203.0,8.5,238.5,12.5,44.0,12.5,30.5,19.0,16.5,13.5,10.5
422,Osasuna,11,21,La Liga,2009/2010,Spain,male,2,0.0,0.0,0.0,0.0,0.0,0.0,0.0,0.0,0.0,0.0,0.0,0.0,25.805462462339744,0.18269230769230768,0.32211538461538464,0.0,0.0,312.0,224.0,5.5,203.0,25.0,52.0,9.5,21.5,28.5,23.5,10.5,8.5
395,Real Zaragoza,11,21,La Liga,2009/2010,Spain,male,2,0.0,0.0,0.0,0.0,0.0,0.0,0.0,0.0,0.0,0.0,0.0,0.0,22.54627419893455,0.1963470319634703,0.2359208523592085,0.0,0.0,328.5,241.0,9.0,242.0,13.5,38.0,14.0,28.0,14.0,11.0,16.0,8.5
222,Villarreal,11,21,La Liga,2009/2010,Spain,male,1,0.0,0.0,0.0,0.0,0.0,0.0,0.0,0.0,0.0,0.0,0.0,0.0,20.16298994784689,0.20574162679425836,0.18421052631578946,0.0,0.0,418.0,321.0,7.0,153.0,24.0,55.0,13.0,24.0,30.0,16.0,15.0,23.0
216,Getafe,11,21,La Liga,2009/2010,Spain,male,2,0.0,0.0,0.0,0.0,0.0,0.0,0.0,0.0,0.0,0.0,0.0,0.0,19.764379160123966,0.24896694214876033,0.1828512396694215,0.0,0.0,484.0,373.0,17.0,163.0,7.5,49.0,9.5,16.5,18.0,15.5,17.0,13.5
219,RC Deportivo La Coruña,11,21,La Liga,2009/2010,Spain,male,2,0.0,0.0,0.0,0.0,0.0,0.0,0.0,0.0,0.0,0.0,0.0,0.0,25.749238270216306,0.16971713810316139,0.2628951747088186,0.0,0.0,300.5,215.5,4.5,184.0,7.5,49.0,7.0,13.5,29.0,18.0,13.0,16.5
1043,Mallorca,11,21,La Liga,2009/2010,Spain,male,2,0.0,0.0,0.0,0.0,0.0,0.0,0.0,0.0,0.0,0.0,0.0,0.0,24.881305937539935,0.18370607028753994,0.28594249201277955,0.0,0.0,313.0,209.5,10.5,173.0,15.5,52.0,9.0,30.5,31.0,12.5,11.5,8.0
901,Real Valladolid,11,21,La Liga,2009/2010,Spain,male,2,0.0,0.0,0.0,0.0,0.0,0.0,0.0,0.0,0.0,0.0,0.0,0.0,24.50559039439394,0.1803030303030303,0.2772727272727273,0.0,0.0,330.0,250.5,10.0,170.0,9.5,44.0,10.5,18.5,27.0,9.0,18.0,16.0
403,Almería,11,21,La Liga,2009/2010,Spain,male,2,0.0,0.0,0.0,0.0,0.0,0.0,0.0,0.0,0.0,0.0,0.0,0.0,24.143343340819673,0.17704918032786884,0.27377049180327867,0.0,0.0,305.0,238.5,4.0,272.0,28.5,41.5,15.5,20.5,27.5,20.5,13.5,6.0
220,Real Madrid,11,21,La Liga,2009/2010,Spain,male,2,0.0,0.0,0.0,0.0,0.0,0.0,0.0,0.0,0.0,0.0,0.0,0.0,22.417804066548463,0.1690307328605201,0.2222222222222222,0.0,0.0,423.0,316.5,16.5,251.5,35.0,46.0,10.5,29.5,14.0,13.5,12.0,18.5
207,Valencia,11,21,La Liga,2009/2010,Spain,male,2,0.0,0.0,0.0,0.0,0.0,0.0,0.0,0.0,0.0,0.0,0.0,0.0,22.737928041430337,0.19235511713933415,0.24784217016029594,0.0,0.0,405.5,303.5,9.5,270.5,29.0,41.5,14.5,22.0,17.5,21.0,11.5,11.0
1041,Sporting Gijón,11,21,La Liga,2009/2010,Spain,male,1,0.0,0.0,0.0,0.0,0.0,0.0,0.0,0.0,0.0,0.0,0.0,0.0,22.908360693979933,0.22742474916387959,0.23745819397993312,0.0,0.0,299.0,222.0,5.0,325.0,13.0,47.0,8.0,32.0,18.0,29.0,10.0,11.0
212,Atlético Madrid,11,21,La Liga,2009/2010,Spain,male,2,0.0,0.0,0.0,0.0,0.0,0.0,0.0,0.0,0.0,0.0,0.0,0.0,21.022156500855747,0.26405867970660146,0.21638141809290953,0.0,0.0,409.0,306.0,13.0,172.0,27.0,49.0,12.0,23.0,17.0,15.0,12.5,10.5
1219,Xerez,11,21,La Liga,2009/2010,Spain,male,2,0.0,0.0,0.0,0.0,0.0,0.0,0.0,0.0,0.0,0.0,0.0,0.0,24.40321741657754,0.21390374331550802,0.29411764705882354,0.0,0.0,280.5,216.0,7.5,160.5,18.0,59.5,10.0,19.0,27.0,15.0,14.5,10.5
1217,Racing Santander,11,21,La Liga,2009/2010,Spain,male,2,0.0,0.0,0.0,0.0,0.0,0.0,0.0,0.0,0.0,0.0,0.0,0.0,22.381013261398177,0.2127659574468085,0.23100303951367782,0.0,0.0,329.0,230.5,5.0,204.0,8.5,50.5,8.5,15.0,18.0,18.0,19.0,14.0
214,Espanyol,11,21,La Liga,2009/2010,Spain,male,1,0.0,0.0,0.0,0.0,0.0,0.0,0.0,0.0,0.0,0.0,0.0,0.0,25.964537997791794,0.1608832807570978,0.3028391167192429,0.0,0.0,317.0,233.0,10.0,152.0,22.0,53.0,10.0,22.0,33.0,15.0,10.0,13.0
215,Athletic Club,11,21,La Liga,2009/2010,Spain,male,2,0.0,0.0,0.0,0.0,0.0,0.0,0.0,0.0,0.0,0.0,0.0,0.0,24.405230320538244,0.15864022662889518,0.2705382436260623,0.0,0.0,353.0,265.0,11.5,167.5,23.0,52.0,9.5,16.5,29.0,17.5,10.5,11.0
217,Barcelona,11,40,La Liga,2007/2008,Spain,male,27,0.0,0.0,0.0,0.0,0.0,0.0,0.0,0.0,0.0,0.0,0.0,0.0,20.7615754355411,0.14834493709539515,0.17631611090753635,0.0,0.0,606.4444444444445,541.074074074074,14.851851851851851,127.55555555555556,32.2962962962963,55.333333333333336,9.222222222222221,16.74074074074074,21.185185185185187,13.0,12.185185185185185,15.592592592592593
213,Sevilla,11,40,La Liga,2007/2008,Spain,male,2,0.0,0.0,0.0,0.0,0.0,0.0,0.0,0.0,0.0,0.0,0.0,0.0,22.622162885924933,0.17292225201072386,0.2292225201072386,0.0,0.0,373.0,287.0,12.0,145.0,10.5,44.5,15.0,21.5,17.5,13.0,11.5,10.0
221,Levante UD,11,40,La Liga,2007/2008,Spain,male,2,0.0,0.0,0.0,0.0,0.0,0.0,0.0,0.0,0.0,0.0,0.0,0.0,23.21056448100619,0.1346749226006192,0.24303405572755418,0.0,0.0,323.0,246.5,8.0,155.5,19.5,39.5,7.5,14.0,19.0,11.0,10.0,14.0
212,Atlético Madrid,11,40,La Liga,2007/2008,Spain,male,2,0.0,0.0,0.0,0.0,0.0,0.0,0.0,0.0,0.0,0.0,0.0,0.0,23.264961049468088,0.1768617021276596,0.23404255319148937,0.0,0.0,376.0,301.0,8.5,152.5,24.0,43.5,13.0,22.5,26.0,14.5,13.5,12.0
215,Athletic Club,11,40,La Liga,2007/2008,Spain,male,2,0.0,0.0,0.0,0.0,0.0,0.0,0.0,0.0,0.0,0.0,0.0,0.0,22.12753789309896,0.17708333333333334,0.20963541666666666,0.0,0.0,384.0,306.0,12.5,165.5,15.0,47.5,11.0,27.0,16.5,12.0,10.5,18.5
1230,Real Murcia CF,11,40,La Liga,2007/2008,Spain,male,1,0.0,0.0,0.0,0.0,0.0,0.0,0.0,0.0,0.0,0.0,0.0,0.0,24.9842146944,0.12533333333333332,0.272,0.0,0.0,375.0,324.0,21.0,268.0,25.0,64.0,10.0,21.0,27.0,16.0,7.0,9.0
1217,Racing Santander,11,40,La Liga,2007/2008,Spain,male,2,0.0,0.0,0.0,0.0,0.0,0.0,0.0,0.0,0.0,0.0,0.0,0.0,24.87248984976452,0.18053375196232338,0.2668759811616955,0.0,0.0,318.5,233.5,11.5,164.0,9.0,45.0,10.5,21.5,26.5,17.5,12.0,14.0
216,Getafe,11,40,La Liga,2007/2008,Spain,male,1,0.0,0.0,0.0,0.0,0.0,0.0,0.0,0.0,0.0,0.0,0.0,0.0,24.823097090030213,0.19939577039274925,0.283987915407855,0.0,0.0,331.0,294.0,14.0,111.0,23.0,61.0,8.0,22.0,20.0,18.0,13.0,13.0
222,Villarreal,11,40,La Liga,2007/2008,Spain,male,1,0.0,0.0,0.0,0.0,0.0,0.0,0.0,0.0,0.0,0.0,0.0,0.0,20.982150632815966,0.15521064301552107,0.1574279379157428,0.0,0.0,451.0,394.0,8.0,173.0,25.0,46.0,11.0,19.0,30.0,21.0,13.0,11.0
219,RC Deportivo La Coruña,11,40,La Liga,2007/2008,Spain,male,1,0.0,0.0,0.0,0.0,0.0,0.0,0.0,0.0,0.0,0.0,0.0,0.0,23.71525567067039,0.1787709497206704,0.23184357541899442,0.0,0.0,358.0,280.0,9.0,201.0,12.0,54.0,15.0,27.0,28.0,29.0,13.0,16.0
214,Espanyol,11,40,La Liga,2007/2008,Spain,male,2,0.0,0.0,0.0,0.0,0.0,0.0,0.0,0.0,0.0,0.0,0.0,0.0,25.390132795338346,0.1548872180451128,0.2721804511278195,0.0,0.0,332.5,256.5,9.0,150.0,14.0,59.0,12.5,20.0,26.0,21.5,19.0,15.5
403,Almería,11,40,La Liga,2007/2008,Spain,male,1,0.0,0.0,0.0,0.0,0.0,0.0,0.0,0.0,0.0,0.0,0.0,0.0,25.97853132899729,0.0975609756097561,0.3035230352303523,0.0,0.0,369.0,303.0,6.0,175.0,23.0,49.0,18.0,18.0,24.0,13.0,18.0,10.0
422,Osasuna,11,40,La Liga,2007/2008,Spain,male,1,0.0,0.0,0.0,0.0,0.0,0.0,0.0,0.0,0.0,0.0,0.0,0.0,25.362050613571427,0.16071428571428573,0.275,0.0,0.0,280.0,220.0,9.0,171.0,15.0,55.0,10.0,18.0,38.0,13.0,18.0,18.0
901,Real Valladolid,11,40,La Liga,2007/2008,Spain,male,1,0.0,0.0,0.0,0.0,0.0,0.0,0.0,0.0,0.0,0.0,0.0,0.0,22.357081127027026,0.1547911547911548,0.20393120393120392,0.0,0.0,407.0,340.0,15.0,217.0,14.0,64.0,7.0,22.0,49.0,15.0,16.0,11.0
218,Real Betis,11,40,La Liga,2007/2008,Spain,male,1,0.0,0.0,0.0,0.0,0.0,0.0,0.0,0.0,0.0,0.0,0.0,0.0,23.11324759212828,0.14285714285714285,0.21865889212827988,0.0,0.0,343.0,272.0,6.0,148.0,13.0,55.0,17.0,23.0,24.0,18.0,16.0,19.0
1043,Mallorca,11,40,La Liga,2007/2008,Spain,male,1,0.0,0.0,0.0,0.0,0.0,0.0,0.0,0.0,0.0,0.0,0.0,0.0,21.411938986818182,0.1318181818181818,0.18863636363636363,0.0,0.0,440.0,376.0,19.0,178.0,32.0,51.0,12.0,12.0,9.0,19.0,9.0,9.0
1220,Recreativo Huelva,11,40,La Liga,2007/2008,Spain,male,2,0.0,0.0,0.0,0.0,0.0,0.0,0.0,0.0,0.0,0.0,0.0,0.0,22.284106313901344,0.18086696562032886,0.2242152466367713,0.0,0.0,334.5,264.5,8.5,131.5,13.0,51.5,13.5,23.0,35.0,18.0,11.5,12.5
395,Real Zaragoza,11,40,La Liga,2007/2008,Spain,male,1,0.0,0.0,0.0,0.0,0.0,0.0,0.0,0.0,0.0,0.0,0.0,0.0,24.699641823404257,0.11170212765957446,0.2978723404255319,0.0,0.0,376.0,338.0,15.0,152.0,24.0,54.0,10.0,25.0,26.0,12.0,12.0,18.0
220,Real Madrid,11,40,La Liga,2007/2008,Spain,male,1,0.0,0.0,0.0,0.0,0.0,0.0,0.0,0.0,0.0,0.0,0.0,0.0,20.21087493069498,0.222007722007722,0.1891891891891892,0.0,0.0,518.0,419.0,20.0,137.0,16.0,50.0,13.0,13.0,9.0,10.0,8.0,13.0
207,Valencia,11,40,La Liga,2007/2008,Spain,male,2,0.0,0.0,0.0,0.0,0.0,0.0,0.0,0.0,0.0,0.0,0.0,0.0,21.112801809872245,0.17073170731707318,0.18815331010452963,0.0,0.0,430.5,371.5,8.5,189.5,20.5,44.0,10.5,24.0,21.5,18.5,6.0,9.5
1036,Gimnàstic Tarragona,11,39,La Liga,2006/2007,Spain,male,1,0.0,0.0,0.0,0.0,0.0,0.0,0.0,0.0,0.0,0.0,0.0,0.0,24.64868191405229,0.13398692810457516,0.24836601307189543,0.0,0.0,306.0,249.0,11.0,166.0,15.0,32.0,17.0,25.0,11.0,12.0,7.0,8.0
217,Barcelona,11,39,La Liga,2006/2007,Spain,male,26,0.0,0.0,0.0,0.0,0.0,0.0,0.0,0.0,0.0,0.0,0.0,0.0,20.378177357652397,0.17219442900376752,0.16428880242109814,0.0,0.0,622.7307692307693,546.6153846153846,15.76923076923077,128.26923076923077,31.653846153846153,55.38461538461539,7.346153846153846,16.73076923076923,20.53846153846154,12.5,13.115384615384615,16.692307692307693
212,Atlético Madrid,11,39,La Liga,2006/2007,Spain,male,1,0.0,0.0,0.0,0.0,0.0,0.0,0.0,0.0,0.0,0.0,0.0,0.0,23.119233491280657,0.14986376021798364,0.21798365122615804,0.0,0.0,367.0,308.0,17.0,55.0,12.0,50.0,10.0,16.0,31.0,14.0,19.0,14.0
395,Real Zaragoza,11,39,La Liga,2006/2007,Spain,male,2,0.0,0.0,0.0,0.0,0.0,0.0,0.0,0.0,0.0,0.0,0.0,0.0,21.410007273221215,0.1888745148771022,0.18758085381630013,0.0,0.0,386.5,314.0,13.0,169.0,18.0,43.5,13.0,22.0,19.5,20.0,11.0,14.5
213,Sevilla,11,39,La Liga,2006/2007,Spain,male,2,0.0,0.0,0.0,0.0,0.0,0.0,0.0,0.0,0.0,0.0,0.0,0.0,21.482149264099526,0.1895734597156398,0.18364928909952608,0.0,0.0,422.0,341.5,13.0,156.0,19.5,44.5,14.5,21.5,18.0,8.0,8.0,14.5
215,Athletic Club,11,39,La Liga,2006/2007,Spain,male,2,0.0,0.0,0.0,0.0,0.0,0.0,0.0,0.0,0.0,0.0,0.0,0.0,25.140416735353536,0.13973063973063973,0.27946127946127947,0.0,0.0,297.0,226.0,5.5,183.0,19.5,47.5,23.5,15.5,21.0,13.0,12.5,5.5
209,Celta Vigo,11,39,La Liga,2006/2007,Spain,male,1,0.0,0.0,0.0,0.0,0.0,0.0,0.0,0.0,0.0,0.0,0.0,0.0,22.331823293905817,0.19390581717451524,0.2299168975069252,0.0,0.0,361.0,308.0,11.0,91.0,20.0,49.0,20.0,23.0,19.0,9.0,11.0,9.0
218,Real Betis,11,39,La Liga,2006/2007,Spain,male,1,0.0,0.0,0.0,0.0,0.0,0.0,0.0,0.0,0.0,0.0,0.0,0.0,23.490876158064516,0.17595307917888564,0.26099706744868034,0.0,0.0,341.0,250.0,4.0,172.0,10.0,44.0,12.0,25.0,44.0,16.0,16.0,11.0
220,Real Madrid,11,39,La Liga,2006/2007,Spain,male,2,0.0,0.0,0.0,0.0,0.0,0.0,0.0,0.0,0.0,0.0,0.0,0.0,22.68707669661495,0.19322990126939352,0.22849083215796898,0.0,0.0,354.5,306.5,15.5,204.5,12.0,52.0,7.0,26.0,28.0,16.0,13.0,14.0
207,Valencia,11,39,La Liga,2006/2007,Spain,male,2,0.0,0.0,0.0,0.0,0.0,0.0,0.0,0.0,0.0,0.0,0.0,0.0,23.322364701349326,0.22188905547226387,0.2608695652173913,0.0,0.0,333.5,262.5,6.0,205.0,15.5,45.0,11.5,17.0,25.5,17.0,14.0,12.0
1220,Recreativo Huelva,11,39,La Liga,2006/2007,Spain,male,1,0.0,0.0,0.0,0.0,0.0,0.0,0.0,0.0,0.0,0.0,0.0,0.0,21.174621319613262,0.17955801104972377,0.1850828729281768,0.0,0.0,362.0,290.0,13.0,170.0,14.0,43.0,12.0,14.0,13.0,13.0,20.0,16.0
214,Espanyol,11,39,La Liga,2006/2007,Spain,male,1,0.0,0.0,0.0,0.0,0.0,0.0,0.0,0.0,0.0,0.0,0.0,0.0,26.789552180308878,0.1891891891891892,0.3127413127413127,0.0,0.0,259.0,178.0,10.0,204.0,15.0,39.0,18.0,26.0,26.0,21.0,11.0,7.0
222,Villarreal,11,39,La Liga,2006/2007,Spain,male,1,0.0,0.0,0.0,0.0,0.0,0.0,0.0,0.0,0.0,0.0,0.0,0.0,22.798783636159605,0.16209476309226933,0.22693266832917705,0.0,0.0,401.0,344.0,9.0,186.0,11.0,47.0,19.0,14.0,26.0,19.0,15.0,18.0
1217,Racing Santander,11,39,La Liga,2006/2007,Spain,male,2,0.0,0.0,0.0,0.0,0.0,0.0,0.0,0.0,0.0,0.0,0.0,0.0,25.548086304070797,0.19469026548672566,0.29557522123893804,0.0,0.0,282.5,200.0,7.0,143.5,15.5,42.0,8.0,34.0,24.0,10.0,13.5,9.0
221,Levante UD,11,39,La Liga,2006/2007,Spain,male,1,0.0,0.0,0.0,0.0,0.0,0.0,0.0,0.0,0.0,0.0,0.0,0.0,25.713724262230215,0.2014388489208633,0.29856115107913667,0.0,0.0,278.0,199.0,9.0,139.0,16.0,58.0,7.0,29.0,37.0,14.0,23.0,15.0
1043,Mallorca,11,39,La Liga,2006/2007,Spain,male,1,0.0,0.0,0.0,0.0,0.0,0.0,0.0,0.0,0.0,0.0,0.0,0.0,25.472916616300942,0.18181818181818182,0.26332288401253917,0.0,0.0,319.0,244.0,4.0,209.0,26.0,40.0,19.0,21.0,45.0,22.0,16.0,11.0
219,RC Deportivo La Coruña,11,39,La Liga,2006/2007,Spain,male,2,0.0,0.0,0.0,0.0,0.0,0.0,0.0,0.0,0.0,0.0,0.0,0.0,24.491839425595238,0.16815476190476192,0.2767857142857143,0.0,0.0,336.0,282.0,18.0,261.5,17.5,56.5,12.0,23.0,28.5,16.5,11.0,18.5
210,Real Sociedad,11,39,La Liga,2006/2007,Spain,male,1,0.0,0.0,0.0,0.0,0.0,0.0,0.0,0.0,0.0,0.0,0.0,0.0,23.89639011076115,0.2073490813648294,0.24934383202099739,0.0,0.0,381.0,295.0,9.0,246.0,11.0,50.0,11.0,26.0,38.0,21.0,11.0,8.0
422,Osasuna,11,39,La Liga,2006/2007,Spain,male,1,0.0,0.0,0.0,0.0,0.0,0.0,0.0,0.0,0.0,0.0,0.0,0.0,23.629989282750003,0.1475,0.2675,0.0,0.0,400.0,268.0,8.0,143.0,10.0,38.0,8.0,21.0,12.0,20.0,8.0,11.0
216,Getafe,11,39,La Liga,2006/2007,Spain,male,1,0.0,0.0,0.0,0.0,0.0,0.0,0.0,0.0,0.0,0.0,0.0,0.0,20.340115016421564,0.17892156862745098,0.18137254901960784,0.0,0.0,408.0,333.0,10.0,164.0,26.0,39.0,10.0,26.0,16.0,20.0,13.0,15.0
488,Seattle Sounders,116,68,North American League,1977,North and Central America,male,1,0.0,0.0,0.0,0.0,0.0,0.0,0.0,0.0,0.0,0.0,0.0,0.0,24.738942404155125,0.14127423822714683,0.3047091412742382,0.0,0.0,361.0,285.0,24.0,192.0,21.0,56.0,9.0,16.0,23.0,19.0,14.0,22.0
2735,NY Cosmos,116,68,North American League,1977,North and Central America,male,1,0.0,0.0,0.0,0.0,0.0,0.0,0.0,0.0,0.0,0.0,0.0,0.0,21.162040674489795,0.19387755102040816,0.21020408163265306,0.0,0.0,490.0,399.0,26.0,118.0,34.0,52.0,2.0,8.0,24.0,11.0,12.0,17.0
1975,Inter Miami,44,107,Major League Soccer,2023,United States of America,male,6,0.0,0.0,0.0,0.0,0.0,0.0,0.0,0.0,0.0,0.0,0.0,0.0,19.05823938093879,0.199835300576448,0.1446609936865221,0.0,0.0,607.1666666666666,473.3333333333333,11.666666666666666,148.66666666666666,14.166666666666666,47.0,12.0,14.333333333333334,14.0,16.5,13.0,10.5
575,Toronto FC,44,107,Major League Soccer,2023,United States of America,male,1,0.0,0.0,0.0,0.0,0.0,0.0,0.0,0.0,0.0,0.0,0.0,0.0,18.950424812164943,0.18144329896907216,0.12577319587628866,0.0,0.0,485.0,450.0,8.0,172.0,22.0,42.0,16.0,7.0,10.0,15.0,18.0,16.0
489,Cincinnati,44,107,Major League Soccer,2023,United States of America,male,1,0.0,0.0,0.0,0.0,0.0,0.0,0.0,0.0,0.0,0.0,0.0,0.0,21.281932837465565,0.19559228650137742,0.20385674931129477,0.0,0.0,363.0,314.0,15.0,177.0,21.0,53.0,11.0,16.0,19.0,16.0,18.0,11.0
387,New York Red Bulls,44,107,Major League Soccer,2023,United States of America,male,1,0.0,0.0,0.0,0.0,0.0,0.0,0.0,0.0,0.0,0.0,0.0,0.0,20.056458664256194,0.22933884297520662,0.18181818181818182,0.0,0.0,484.0,410.0,13.0,184.0,23.0,54.0,8.0,8.0,12.0,18.0,13.0,11.0
919,LAFC,44,107,Major League Soccer,2023,United States of America,male,1,0.0,0.0,0.0,0.0,0.0,0.0,0.0,0.0,0.0,0.0,0.0,0.0,22.654817293348618,0.1353211009174312,0.22477064220183487,0.0,0.0,436.0,347.0,22.0,174.0,22.0,59.0,15.0,18.0,7.0,21.0,16.0,9.0
8070,Charlotte,44,107,Major League Soccer,2023,United States of America,male,1,0.0,0.0,0.0,0.0,0.0,0.0,0.0,0.0,0.0,0.0,0.0,0.0,21.02265646740741,0.25679012345679014,0.20987654320987653,0.0,0.0,405.0,305.0,11.0,176.0,8.0,47.0,17.0,14.0,22.0,23.0,15.0,10.0
1938,Nashville SC,44,107,Major League Soccer,2023,United States of America,male,1,0.0,0.0,0.0,0.0,0.0,0.0,0.0,0.0,0.0,0.0,0.0,0.0,20.98249149880597,0.21492537313432836,0.20597014925373133,0.0,0.0,335.0,238.0,7.0,159.0,18.0,37.0,7.0,12.0,19.0,27.0,6.0,6.0
131,Paris Saint-Germain,7,108,Ligue 1,2021/2022,France,male,26,0.0,0.0,0.0,0.0,0.0,0.0,0.0,0.0,0.0,0.0,0.0,0.0,17.837970132945163,0.2394073588103439,0.12071510578973266,0.0,0.0,703.5,597.6538461538462,15.23076923076923,135.1153846153846,23.076923076923077,41.42307692307692,12.76923076923077,10.038461538461538,10.076923076923077,13.307692307692308,10.923076923076923,12.0
138,Strasbourg,7,108,Ligue 1,2021/2022,France,male,1,0.0,0.0,0.0,0.0,0.0,0.0,0.0,0.0,0.0,0.0,0.0,0.0,21.02330674928717,0.15682281059063136,0.17922606924643583,0.0,0.0,491.0,430.0,14.0,193.0,8.0,42.0,20.0,15.0,4.0,9.0,11.0,11.0
152,Clermont Foot,7,108,Ligue 1,2021/2022,France,male,1,0.0,0.0,0.0,0.0,0.0,0.0,0.0,0.0,0.0,0.0,0.0,0.0,20.19572072097902,0.2331002331002331,0.18181818181818182,0.0,0.0,429.0,321.0,10.0,240.0,11.0,29.0,16.0,9.0,4.0,7.0,10.0,11.0
156,Stade de Reims,7,108,Ligue 1,2021/2022,France,male,2,0.0,0.0,0.0,0.0,0.0,0.0,0.0,0.0,0.0,0.0,0.0,0.0,19.849564579503106,0.2124223602484472,0.15900621118012423,0.0,0.0,402.5,345.5,9.0,186.5,17.0,46.0,23.0,13.5,14.5,24.5,17.5,12.0
143,Lille,7,108,Ligue 1,2021/2022,France,male,2,0.0,0.0,0.0,0.0,0.0,0.0,0.0,0.0,0.0,0.0,0.0,0.0,19.13281132015945,0.25626423690205014,0.1560364464692483,0.0,0.0,439.0,365.5,10.5,139.5,13.0,34.5,17.0,16.0,10.5,10.0,12.5,11.5
168,Lens,7,108,Ligue 1,2021/2022,France,male,2,0.0,0.0,0.0,0.0,0.0,0.0,0.0,0.0,0.0,0.0,0.0,0.0,18.85432681821472,0.25331724969843183,0.1411338962605549,0.0,0.0,414.5,333.5,13.0,130.5,17.0,38.5,15.5,12.0,10.0,18.5,10.5,8.0
139,Montpellier,7,108,Ligue 1,2021/2022,France,male,1,0.0,0.0,0.0,0.0,0.0,0.0,0.0,0.0,0.0,0.0,0.0,0.0,19.199230261627907,0.30523255813953487,0.17151162790697674,0.0,0.0,344.0,288.0,10.0,153.0,16.0,35.0,21.0,9.0,3.0,13.0,13.0,10.0
137,Lyon,7,108,Ligue 1,2021/2022,France,male,1,0.0,0.0,0.0,0.0,0.0,0.0,0.0,0.0,0.0,0.0,0.0,0.0,20.290695243841334,0.25260960334029225,0.2045929018789144,0.0,0.0,479.0,382.0,12.0,167.0,22.0,35.0,11.0,19.0,15.0,17.0,11.0,11.0
134,Rennes,7,108,Ligue 1,2021/2022,France,male,2,0.0,0.0,0.0,0.0,0.0,0.0,0.0,0.0,0.0,0.0,0.0,0.0,21.974548447814566,0.1947019867549669,0.19337748344370861,0.0,0.0,377.5,293.5,12.5,194.0,19.0,35.5,21.5,11.0,14.0,21.0,7.5,8.0
147,Olympique de Marseille,7,108,Ligue 1,2021/2022,France,male,2,0.0,0.0,0.0,0.0,0.0,0.0,0.0,0.0,0.0,0.0,0.0,0.0,18.836594658236272,0.23460898502495842,0.15307820299500832,0.0,0.0,601.0,499.0,9.0,158.0,15.0,36.0,15.0,11.0,3.0,16.5,13.0,6.5
165,Lorient,7,108,Ligue 1,2021/2022,France,male,2,0.0,0.0,0.0,0.0,0.0,0.0,0.0,0.0,0.0,0.0,0.0,0.0,20.823709641925465,0.2220496894409938,0.19254658385093168,0.0,0.0,322.0,280.0,14.0,175.0,11.5,39.5,20.5,13.0,17.0,18.0,10.0,11.5
129,AS Monaco,7,108,Ligue 1,2021/2022,France,male,1,0.0,0.0,0.0,0.0,0.0,0.0,0.0,0.0,0.0,0.0,0.0,0.0,20.43544882196532,0.1676300578034682,0.18304431599229287,0.0,0.0,519.0,391.0,13.0,168.0,13.0,49.0,15.0,19.0,3.0,10.0,14.0,11.0
146,Bordeaux,7,108,Ligue 1,2021/2022,France,male,1,0.0,0.0,0.0,0.0,0.0,0.0,0.0,0.0,0.0,0.0,0.0,0.0,21.159868643724696,0.17813765182186234,0.19635627530364372,0.0,0.0,494.0,419.0,15.0,207.0,28.0,51.0,22.0,11.0,3.0,14.0,13.0,18.0
135,Saint-Étienne,7,108,Ligue 1,2021/2022,France,male,2,0.0,0.0,0.0,0.0,0.0,0.0,0.0,0.0,0.0,0.0,0.0,0.0,20.981618897724044,0.20910384068278806,0.19630156472261737,0.0,0.0,351.5,305.5,10.5,195.5,19.5,44.5,17.0,10.0,17.5,15.5,8.5,9.5
144,Nantes,7,108,Ligue 1,2021/2022,France,male,2,0.0,0.0,0.0,0.0,0.0,0.0,0.0,0.0,0.0,0.0,0.0,0.0,21.77431105215577,0.23783031988873435,0.23087621696801114,0.0,0.0,359.5,286.0,12.5,195.0,20.5,40.5,16.5,16.0,14.0,13.0,13.5,8.0
136,OGC Nice,7,108,Ligue 1,2021/2022,France,male,2,0.0,0.0,0.0,0.0,0.0,0.0,0.0,0.0,0.0,0.0,0.0,0.0,20.61535881079812,0.19953051643192488,0.18309859154929578,0.0,0.0,426.0,367.5,7.5,180.0,11.0,33.0,22.0,16.5,15.5,19.0,11.0,9.0
141,Metz,7,108,Ligue 1,2021/2022,France,male,1,0.0,0.0,0.0,0.0,0.0,0.0,0.0,0.0,0.0,0.0,0.0,0.0,22.661499928195493,0.20300751879699247,0.22180451127819548,0.0,0.0,266.0,186.0,4.0,173.0,13.0,26.0,25.0,13.0,12.0,14.0,9.0,12.0
133,Troyes,7,108,Ligue 1,2021/2022,France,male,1,0.0,0.0,0.0,0.0,0.0,0.0,0.0,0.0,0.0,0.0,0.0,0.0,19.838401589999997,0.2358974358974359,0.1717948717948718,0.0,0.0,390.0,304.0,10.0,172.0,20.0,29.0,17.0,19.0,5.0,12.0,11.0,11.0
131,Paris Saint-Germain,7,235,Ligue 1,2022/2023,France,male,32,0.0,0.0,0.0,0.0,0.0,0.0,0.0,0.0,0.0,0.0,0.0,0.0,17.1967704699078,0.250234972922168,0.1055811663608289,0.0,0.0,698.21875,600.5625,15.0625,135.03125,20.5625,42.3125,10.40625,11.125,11.9375,14.25,9.40625,12.78125
152,Clermont Foot,7,235,Ligue 1,2022/2023,France,male,2,0.0,0.0,0.0,0.0,0.0,0.0,0.0,0.0,0.0,0.0,0.0,0.0,19.303790719468086,0.23297872340425532,0.15531914893617021,0.0,0.0,470.0,395.5,9.5,146.5,12.0,38.0,16.5,13.0,11.0,17.5,12.0,4.0
158,AC Ajaccio,7,235,Ligue 1,2022/2023,France,male,2,0.0,0.0,0.0,0.0,0.0,0.0,0.0,0.0,0.0,0.0,0.0,0.0,20.189909560088363,0.24300441826215022,0.18998527245949925,0.0,0.0,339.5,256.0,7.5,213.5,20.0,49.0,11.5,10.5,21.0,20.0,12.5,11.0
137,Lyon,7,235,Ligue 1,2022/2023,France,male,2,0.0,0.0,0.0,0.0,0.0,0.0,0.0,0.0,0.0,0.0,0.0,0.0,18.886670429683974,0.22573363431151242,0.15124153498871332,0.0,0.0,443.0,384.5,11.0,279.0,17.5,45.5,20.0,16.5,21.5,27.0,11.0,10.0
134,Rennes,7,235,Ligue 1,2022/2023,France,male,2,0.0,0.0,0.0,0.0,0.0,0.0,0.0,0.0,0.0,0.0,0.0,0.0,22.446105636440674,0.14164648910411623,0.2009685230024213,0.0,0.0,413.0,336.0,9.0,197.0,11.5,43.0,12.5,14.5,19.5,19.5,8.0,12.0
153,Stade Brestois,7,235,Ligue 1,2022/2023,France,male,2,0.0,0.0,0.0,0.0,0.0,0.0,0.0,0.0,0.0,0.0,0.0,0.0,21.51435314510932,0.19332566168009205,0.20598388952819333,0.0,0.0,434.5,327.0,6.5,248.5,9.0,36.5,17.5,13.0,17.5,18.5,12.5,10.0
147,Olympique de Marseille,7,235,Ligue 1,2022/2023,France,male,2,0.0,0.0,0.0,0.0,0.0,0.0,0.0,0.0,0.0,0.0,0.0,0.0,19.315029716761906,0.17333333333333334,0.15428571428571428,0.0,0.0,525.0,445.0,19.5,164.5,14.0,55.0,6.5,18.5,13.0,17.0,12.5,19.0
143,Lille,7,235,Ligue 1,2022/2023,France,male,2,0.0,0.0,0.0,0.0,0.0,0.0,0.0,0.0,0.0,0.0,0.0,0.0,17.996996624577026,0.26357969723953695,0.1219946571682992,0.0,0.0,561.5,442.5,16.0,163.0,12.0,33.5,15.0,19.0,5.5,15.0,10.5,12.5
156,Stade de Reims,7,235,Ligue 1,2022/2023,France,male,1,0.0,0.0,0.0,0.0,0.0,0.0,0.0,0.0,0.0,0.0,0.0,0.0,18.959338182718444,0.20388349514563106,0.1553398058252427,0.0,0.0,515.0,463.0,17.0,188.0,15.0,47.0,19.0,10.0,10.0,18.0,14.0,4.0
145,Angers,7,235,Ligue 1,2022/2023,France,male,2,0.0,0.0,0.0,0.0,0.0,0.0,0.0,0.0,0.0,0.0,0.0,0.0,18.480587450167594,0.18994413407821228,0.12960893854748604,0.0,0.0,447.5,414.5,11.0,225.5,17.5,46.0,16.0,8.5,11.5,15.5,15.0,8.5
167,Auxerre,7,235,Ligue 1,2022/2023,France,male,2,0.0,0.0,0.0,0.0,0.0,0.0,0.0,0.0,0.0,0.0,0.0,0.0,20.66348718255814,0.19027484143763213,0.19767441860465115,0.0,0.0,473.0,378.5,12.0,163.5,14.5,38.5,11.5,10.0,9.0,17.5,10.0,7.0
129,AS Monaco,7,235,Ligue 1,2022/2023,France,male,1,0.0,0.0,0.0,0.0,0.0,0.0,0.0,0.0,0.0,0.0,0.0,0.0,20.58015409726776,0.25136612021857924,0.1885245901639344,0.0,0.0,366.0,269.0,4.0,162.0,15.0,33.0,19.0,20.0,13.0,13.0,10.0,7.0
139,Montpellier,7,235,Ligue 1,2022/2023,France,male,2,0.0,0.0,0.0,0.0,0.0,0.0,0.0,0.0,0.0,0.0,0.0,0.0,18.83222388526946,0.25508982035928146,0.15449101796407186,0.0,0.0,417.5,331.5,6.5,160.0,20.0,45.0,17.5,15.5,14.0,19.0,12.0,10.0
138,Strasbourg,7,235,Ligue 1,2022/2023,France,male,1,0.0,0.0,0.0,0.0,0.0,0.0,0.0,0.0,0.0,0.0,0.0,0.0,18.9132623252551,0.18112244897959184,0.12755102040816327,0.0,0.0,392.0,332.0,17.0,257.0,25.0,22.0,11.0,11.0,6.0,11.0,6.0,6.0
165,Lorient,7,235,Ligue 1,2022/2023,France,male,1,0.0,0.0,0.0,0.0,0.0,0.0,0.0,0.0,0.0,0.0,0.0,0.0,17.925934027655675,0.2454212454212454,0.11355311355311355,0.0,0.0,546.0,462.0,14.0,185.0,14.0,39.0,20.0,17.0,11.0,13.0,12.0,14.0
168,Lens,7,235,Ligue 1,2022/2023,France,male,1,0.0,0.0,0.0,0.0,0.0,0.0,0.0,0.0,0.0,0.0,0.0,0.0,18.866403535683762,0.2264957264957265,0.1581196581196581,0.0,0.0,468.0,376.0,14.0,204.0,13.0,43.0,8.0,9.0,6.0,17.0,7.0,7.0
136,OGC Nice,7,235,Ligue 1,2022/2023,France,male,2,0.0,0.0,0.0,0.0,0.0,0.0,0.0,0.0,0.0,0.0,0.0,0.0,17.979413419841965,0.23266022827041263,0.11501316944688324,0.0,0.0,569.5,509.0,12.5,222.0,9.5,52.0,11.0,11.0,9.5,20.5,13.0,15.0
144,Nantes,7,235,Ligue 1,2022/2023,France,male,2,0.0,0.0,0.0,0.0,0.0,0.0,0.0,0.0,0.0,0.0,0.0,0.0,19.349757351779566,0.17451205510907003,0.14580941446613088,0.0,0.0,435.5,365.0,9.5,179.0,17.5,41.5,10.5,7.5,16.5,29.5,10.5,12.0
130,Toulouse,7,235,Ligue 1,2022/2023,France,male,2,0.0,0.0,0.0,0.0,0.0,0.0,0.0,0.0,0.0,0.0,0.0,0.0,19.986637522809122,0.1992797118847539,0.17046818727490998,0.0,0.0,416.5,326.5,13.0,200.0,9.5,33.5,13.0,15.0,9.0,19.0,13.0,9.0
133,Troyes,7,235,Ligue 1,2022/2023,France,male,1,0.0,0.0,0.0,0.0,0.0,0.0,0.0,0.0,0.0,0.0,0.0,0.0,20.078516548876404,0.21910112359550563,0.18820224719101122,0.0,0.0,356.0,332.0,16.0,173.0,35.0,49.0,14.0,14.0,18.0,21.0,6.0,17.0
761,Chicago Red Stars,49,3,NWSL,2018,United States of America,female,7,0.0,0.0,0.0,0.0,0.0,0.0,0.0,0.0,0.0,0.0,0.0,0.0,21.547925663680942,0.19581562602157568,0.21967963386727687,0.0,0.0,437.0,326.57142857142856,14.714285714285714,138.85714285714286,11.0,59.142857142857146,13.142857142857142,10.571428571428571,16.571428571428573,24.0,13.857142857142858,11.714285714285714
763,NJ/NY Gotham FC,49,3,NWSL,2018,United States of America,female,7,0.0,0.0,0.0,0.0,0.0,0.0,0.0,0.0,0.0,0.0,0.0,0.0,21.589573756728047,0.17245042492917848,0.21211048158640228,0.0,0.0,403.42857142857144,300.57142857142856,10.428571428571429,153.28571428571428,16.571428571428573,54.57142857142857,10.428571428571429,12.0,14.857142857142858,21.857142857142858,13.428571428571429,11.142857142857142
759,Washington Spirit,49,3,NWSL,2018,United States of America,female,9,0.0,0.0,0.0,0.0,0.0,0.0,0.0,0.0,0.0,0.0,0.0,0.0,22.15485553991801,0.15244683576735843,0.2226492441711504,0.0,0.0,433.6666666666667,326.0,11.222222222222221,167.88888888888889,15.666666666666666,59.888888888888886,8.333333333333334,9.0,19.11111111111111,21.77777777777778,16.22222222222222,9.0
766,North Carolina Courage,49,3,NWSL,2018,United States of America,female,13,0.0,0.0,0.0,0.0,0.0,0.0,0.0,0.0,0.0,0.0,0.0,0.0,22.331930473308336,0.15086591680057132,0.2292447777182646,0.0,0.0,430.84615384615387,346.15384615384613,20.76923076923077,176.3846153846154,18.46153846153846,71.23076923076923,13.384615384615385,9.23076923076923,12.538461538461538,22.53846153846154,14.461538461538462,13.384615384615385
767,Utah Royals,49,3,NWSL,2018,United States of America,female,9,0.0,0.0,0.0,0.0,0.0,0.0,0.0,0.0,0.0,0.0,0.0,0.0,21.60728008974812,0.14980114891736632,0.20437472381794078,0.0,0.0,502.8888888888889,382.3333333333333,9.666666666666666,137.22222222222223,12.222222222222221,53.22222222222222,9.333333333333334,7.111111111111111,12.444444444444445,17.88888888888889,15.222222222222221,11.88888888888889
762,Houston Dash,49,3,NWSL,2018,United States of America,female,5,0.0,0.0,0.0,0.0,0.0,0.0,0.0,0.0,0.0,0.0,0.0,0.0,23.414648259755477,0.1716760061130922,0.2674477840040754,0.0,0.0,392.6,309.0,13.2,182.2,13.2,62.6,14.8,6.8,12.0,18.4,13.6,9.8
765,Portland Thorns,49,3,NWSL,2018,United States of America,female,7,0.0,0.0,0.0,0.0,0.0,0.0,0.0,0.0,0.0,0.0,0.0,0.0,21.80720648321074,0.15701950751519028,0.21874000639590663,0.0,0.0,446.7142857142857,351.14285714285717,13.857142857142858,123.57142857142857,14.571428571428571,62.714285714285715,9.428571428571429,9.285714285714286,15.142857142857142,18.571428571428573,16.428571428571427,10.571428571428571
760,Seattle Reign,49,3,NWSL,2018,United States of America,female,7,0.0,0.0,0.0,0.0,0.0,0.0,0.0,0.0,0.0,0.0,0.0,0.0,22.63439164300823,0.15599294947121034,0.24794359576968272,0.0,0.0,486.2857142857143,360.14285714285717,15.0,165.14285714285714,14.428571428571429,66.28571428571429,9.857142857142858,11.571428571428571,14.857142857142858,22.285714285714285,14.571428571428571,14.857142857142858
764,Orlando Pride,49,3,NWSL,2018,United States of America,female,8,0.0,0.0,0.0,0.0,0.0,0.0,0.0,0.0,0.0,0.0,0.0,0.0,20.956000600109142,0.16671214188267394,0.19727148703956343,0.0,0.0,458.125,349.25,17.375,145.5,19.0,61.0,9.625,10.375,15.375,20.5,13.875,9.75
1,Arsenal,2,44,Premier League,2003/2004,England,male,38,0.0,0.0,0.0,0.0,0.0,0.0,0.0,0.0,0.0,0.0,0.0,0.0,21.47907785506024,0.1760319968398183,0.19672131147540983,0.0,0.0,532.9473684210526,419.10526315789474,14.31578947368421,131.23684210526315,23.0,61.28947368421053,7.7631578947368425,16.026315789473685,31.789473684210527,17.36842105263158,16.92105263157895,18.68421052631579
29,Everton,2,44,Premier League,2003/2004,England,male,2,0.0,0.0,0.0,0.0,0.0,0.0,0.0,0.0,0.0,0.0,0.0,0.0,27.038607652781213,0.16934487021013597,0.3510506798516687,0.0,0.0,404.5,231.0,13.5,194.0,9.5,41.5,6.0,18.5,20.5,17.0,11.5,10.0
24,Liverpool,2,44,Premier League,2003/2004,England,male,2,0.0,0.0,0.0,0.0,0.0,0.0,0.0,0.0,0.0,0.0,0.0,0.0,25.951415027898967,0.12743972445464982,0.30424799081515497,0.0,0.0,435.5,274.0,13.5,112.5,19.5,54.0,8.0,13.5,23.0,20.0,16.5,13.0
38,Tottenham Hotspur,2,44,Premier League,2003/2004,England,male,2,0.0,0.0,0.0,0.0,0.0,0.0,0.0,0.0,0.0,0.0,0.0,0.0,24.932727509708734,0.17337031900138697,0.27323162274618584,0.0,0.0,360.5,254.5,10.5,168.5,18.0,64.5,7.0,19.5,20.5,18.0,18.5,20.0
36,Manchester City,2,44,Premier League,2003/2004,England,male,2,0.0,0.0,0.0,0.0,0.0,0.0,0.0,0.0,0.0,0.0,0.0,0.0,24.285188279091994,0.1816009557945042,0.27598566308243727,0.0,0.0,418.5,264.0,13.5,151.5,17.5,56.5,9.0,18.0,15.0,22.0,11.5,9.5
55,Fulham,2,44,Premier League,2003/2004,England,male,2,0.0,0.0,0.0,0.0,0.0,0.0,0.0,0.0,0.0,0.0,0.0,0.0,23.351730624843047,0.20179372197309417,0.2522421524663677,0.0,0.0,446.0,353.5,12.0,168.0,18.0,53.5,13.0,15.0,17.0,21.5,15.0,18.5
46,Wolverhampton Wanderers,2,44,Premier League,2003/2004,England,male,2,0.0,0.0,0.0,0.0,0.0,0.0,0.0,0.0,0.0,0.0,0.0,0.0,25.04933660794521,0.19041095890410958,0.27671232876712326,0.0,0.0,365.0,231.5,10.0,171.0,11.0,52.0,11.5,22.5,26.0,15.0,16.0,14.0
105,Portsmouth,2,44,Premier League,2003/2004,England,male,2,0.0,0.0,0.0,0.0,0.0,0.0,0.0,0.0,0.0,0.0,0.0,0.0,25.825457469062496,0.18125,0.290625,0.0,0.0,320.0,229.0,11.5,212.5,13.5,57.5,13.5,22.0,25.5,26.5,12.0,21.5
39,Manchester United,2,44,Premier League,2003/2004,England,male,2,0.0,0.0,0.0,0.0,0.0,0.0,0.0,0.0,0.0,0.0,0.0,0.0,22.788420717886183,0.1951219512195122,0.24796747967479674,0.0,0.0,492.0,355.0,10.0,151.0,24.5,61.5,3.0,19.0,27.0,17.0,15.5,15.0
22,Leicester City,2,44,Premier League,2003/2004,England,male,2,0.0,0.0,0.0,0.0,0.0,0.0,0.0,0.0,0.0,0.0,0.0,0.0,27.95639963969828,0.17097701149425287,0.33045977011494254,0.0,0.0,348.0,226.5,4.0,148.0,11.5,60.0,8.0,17.5,22.0,20.5,16.5,16.0
75,Charlton Athletic,2,44,Premier League,2003/2004,England,male,2,0.0,0.0,0.0,0.0,0.0,0.0,0.0,0.0,0.0,0.0,0.0,0.0,23.33958935904762,0.20476190476190476,0.24642857142857144,0.0,0.0,420.0,277.5,9.5,194.0,14.0,61.5,6.5,17.0,34.5,22.5,19.5,18.5
47,Middlesbrough,2,44,Premier League,2003/2004,England,male,2,0.0,0.0,0.0,0.0,0.0,0.0,0.0,0.0,0.0,0.0,0.0,0.0,21.571669112586605,0.1766743648960739,0.1951501154734411,0.0,0.0,433.0,324.5,7.5,202.5,27.5,56.0,6.0,20.0,20.5,15.0,13.5,12.5
101,Leeds United,2,44,Premier League,2003/2004,England,male,2,0.0,0.0,0.0,0.0,0.0,0.0,0.0,0.0,0.0,0.0,0.0,0.0,23.12308274039256,0.19008264462809918,0.2427685950413223,0.0,0.0,484.0,356.5,8.0,153.0,32.5,66.0,5.5,13.0,10.5,21.0,19.5,15.5
33,Chelsea,2,44,Premier League,2003/2004,England,male,2,0.0,0.0,0.0,0.0,0.0,0.0,0.0,0.0,0.0,0.0,0.0,0.0,23.297311783800627,0.17341640706126688,0.24922118380062305,0.0,0.0,481.5,397.0,11.5,149.5,26.5,62.5,7.0,20.0,19.0,15.0,12.0,21.5
98,Blackburn Rovers,2,44,Premier League,2003/2004,England,male,2,0.0,0.0,0.0,0.0,0.0,0.0,0.0,0.0,0.0,0.0,0.0,0.0,22.805265987672584,0.1952662721893491,0.2495069033530572,0.0,0.0,507.0,358.0,8.5,186.0,18.5,63.5,9.0,17.5,10.5,17.0,11.0,14.5
59,Aston Villa,2,44,Premier League,2003/2004,England,male,2,0.0,0.0,0.0,0.0,0.0,0.0,0.0,0.0,0.0,0.0,0.0,0.0,24.529784547665844,0.17936117936117937,0.2727272727272727,0.0,0.0,407.0,270.5,10.5,156.0,19.0,66.5,8.0,20.5,22.5,17.5,16.5,16.0
37,Newcastle United,2,44,Premier League,2003/2004,England,male,2,0.0,0.0,0.0,0.0,0.0,0.0,0.0,0.0,0.0,0.0,0.0,0.0,24.751609981753553,0.17654028436018956,0.2796208530805687,0.0,0.0,422.0,289.5,8.5,146.5,15.5,60.5,7.0,18.0,28.0,17.0,16.5,12.5
54,Birmingham City,2,44,Premier League,2003/2004,England,male,2,0.0,0.0,0.0,0.0,0.0,0.0,0.0,0.0,0.0,0.0,0.0,0.0,23.97130408177874,0.210412147505423,0.26898047722342733,0.0,0.0,461.0,303.5,5.5,197.5,16.0,55.0,6.0,15.5,15.5,16.0,10.5,14.0
25,Southampton,2,44,Premier League,2003/2004,England,male,2,0.0,0.0,0.0,0.0,0.0,0.0,0.0,0.0,0.0,0.0,0.0,0.0,27.49565897591512,0.1273209549071618,0.34084880636604775,0.0,0.0,377.0,232.0,9.0,177.5,13.5,54.5,13.0,17.5,15.0,20.5,15.0,12.5
328,Bolton Wanderers,2,44,Premier League,2003/2004,England,male,2,0.0,0.0,0.0,0.0,0.0,0.0,0.0,0.0,0.0,0.0,0.0,0.0,27.603676356608812,0.15086782376502003,0.3417890520694259,0.0,0.0,374.5,258.0,15.5,192.5,18.0,72.5,10.0,17.5,17.5,18.0,16.0,17.0
224,Juventus,12,86,Serie A,1986/1987,Italy,male,1,0.0,0.0,0.0,0.0,0.0,0.0,0.0,0.0,0.0,0.0,0.0,0.0,21.546661164593303,0.20334928229665072,0.22488038277511962,0.0,0.0,418.0,322.0,14.0,132.0,15.0,46.0,10.0,28.0,24.0,12.0,11.0,19.0
227,Napoli,12,86,Serie A,1986/1987,Italy,male,1,0.0,0.0,0.0,0.0,0.0,0.0,0.0,0.0,0.0,0.0,0.0,0.0,23.35341211005917,0.19230769230769232,0.257396449704142,0.0,0.0,338.0,297.0,21.0,142.0,29.0,64.0,13.0,26.0,27.0,23.0,17.0,18.0
762,Houston Dash,49,107,NWSL,2023,United States of America,female,22,0.0,0.0,0.0,0.0,0.0,0.0,0.0,0.0,0.0,0.0,0.0,0.0,21.930241836857338,0.19036852814831562,0.22812570653402667,0.0,0.0,402.09090909090907,306.1818181818182,12.636363636363637,164.45454545454547,14.045454545454545,57.77272727272727,10.0,11.909090909090908,26.454545454545453,20.90909090909091,16.0,12.954545454545455
5106,KC Current,49,107,NWSL,2023,United States of America,female,22,0.0,0.0,0.0,0.0,0.0,0.0,0.0,0.0,0.0,0.0,0.0,0.0,20.558339249388112,0.17945290004113534,0.18572603866721513,0.0,0.0,442.0,338.59090909090907,11.545454545454545,179.95454545454547,15.454545454545455,57.22727272727273,10.954545454545455,9.954545454545455,24.90909090909091,23.727272727272727,17.818181818181817,10.727272727272727
9101,San Diego Wave,49,107,NWSL,2023,United States of America,female,23,0.0,0.0,0.0,0.0,0.0,0.0,0.0,0.0,0.0,0.0,0.0,0.0,21.48370929222533,0.16147390759139577,0.2044950323140735,0.0,0.0,450.7391304347826,346.3478260869565,12.26086956521739,174.30434782608697,11.434782608695652,57.130434782608695,9.826086956521738,10.652173913043478,23.695652173913043,22.47826086956522,13.217391304347826,10.26086956521739
764,Orlando Pride,49,107,NWSL,2023,United States of America,female,22,0.0,0.0,0.0,0.0,0.0,0.0,0.0,0.0,0.0,0.0,0.0,0.0,20.441169107190028,0.19634349030470913,0.19058171745152355,0.0,0.0,410.22727272727275,328.72727272727275,13.318181818181818,180.77272727272728,15.136363636363637,59.13636363636363,10.090909090909092,11.045454545454545,22.181818181818183,21.545454545454547,15.863636363636363,14.181818181818182
763,NJ/NY Gotham FC,49,107,NWSL,2023,United States of America,female,25,0.0,0.0,0.0,0.0,0.0,0.0,0.0,0.0,0.0,0.0,0.0,0.0,20.826610256312453,0.18528273932010866,0.18684665404560047,0.0,0.0,485.96,388.2,13.88,188.72,16.4,66.12,10.4,11.88,21.84,23.04,18.28,14.6
766,North Carolina Courage,49,107,NWSL,2023,United States of America,female,23,0.0,0.0,0.0,0.0,0.0,0.0,0.0,0.0,0.0,0.0,0.0,0.0,19.294655114723056,0.17384958131673964,0.13659061227625413,0.0,0.0,565.9565217391304,479.69565217391306,11.217391304347826,185.17391304347825,14.391304347826088,59.43478260869565,10.173913043478262,9.652173913043478,18.73913043478261,20.130434782608695,15.478260869565217,13.347826086956522
759,Washington Spirit,49,107,NWSL,2023,United States of America,female,22,0.0,0.0,0.0,0.0,0.0,0.0,0.0,0.0,0.0,0.0,0.0,0.0,21.94421586039,0.15253020696255534,0.22036128723531523,0.0,0.0,379.95454545454544,292.45454545454544,13.318181818181818,210.63636363636363,16.0,56.63636363636363,12.636363636363637,12.545454545454545,27.772727272727273,24.5,15.045454545454545,12.0
9100,Angel City,49,107,NWSL,2023,United States of America,female,23,0.0,0.0,0.0,0.0,0.0,0.0,0.0,0.0,0.0,0.0,0.0,0.0,19.831208363409424,0.19242350655658086,0.16969402622632346,0.0,0.0,447.60869565217394,338.9130434782609,13.434782608695652,184.95652173913044,13.565217391304348,65.56521739130434,10.217391304347826,11.391304347826088,24.17391304347826,21.391304347826086,15.956521739130435,13.695652173913043
5105,Racing Louisville FC,49,107,NWSL,2023,United States of America,female,22,0.0,0.0,0.0,0.0,0.0,0.0,0.0,0.0,0.0,0.0,0.0,0.0,20.49823988827825,0.1880597014925373,0.1894456289978678,0.0,0.0,426.3636363636364,346.3636363636364,14.863636363636363,185.5909090909091,13.454545454545455,58.13636363636363,11.363636363636363,11.590909090909092,21.545454545454547,22.045454545454547,16.5,13.227272727272727
760,Seattle Reign,49,107,NWSL,2023,United States of America,female,25,0.0,0.0,0.0,0.0,0.0,0.0,0.0,0.0,0.0,0.0,0.0,0.0,21.590446689617515,0.16328145608018993,0.215950057152906,0.0,0.0,454.92,339.76,11.56,198.48,10.56,52.84,11.8,10.92,23.32,20.64,14.6,10.96
761,Chicago Red Stars,49,107,NWSL,2023,United States of America,female,22,0.0,0.0,0.0,0.0,0.0,0.0,0.0,0.0,0.0,0.0,0.0,0.0,19.89032391282448,0.19089604264916957,0.1735698175107648,0.0,0.0,443.3636363636364,351.72727272727275,9.636363636363637,161.22727272727272,14.954545454545455,54.63636363636363,11.545454545454545,10.681818181818182,23.727272727272727,21.90909090909091,17.181818181818183,15.590909090909092
765,Portland Thorns,49,107,NWSL,2023,United States of America,female,23,0.0,0.0,0.0,0.0,0.0,0.0,0.0,0.0,0.0,0.0,0.0,0.0,20.568480801653862,0.16692272932670582,0.17605061003163128,0.0,0.0,481.0869565217391,385.1304347826087,16.869565217391305,188.69565217391303,15.478260869565217,59.95652173913044,10.434782608695652,8.434782608695652,24.043478260869566,24.043478260869566,17.347826086956523,12.91304347826087
780,Portugal,55,282,UEFA Euro,2024,Europe,male,5,0.0,0.0,0.0,0.0,0.0,0.0,0.0,0.0,0.0,0.0,0.0,0.0,18.921896818376844,0.2054794520547945,0.1385370896872577,0.0,0.0,773.8,659.4,19.0,129.2,23.8,54.2,7.0,8.8,16.6,20.6,11.0,12.8
912,Czech Republic,55,282,UEFA Euro,2024,Europe,male,3,0.0,0.0,0.0,0.0,0.0,0.0,0.0,0.0,0.0,0.0,0.0,0.0,22.533122683920507,0.1842818428184282,0.23667570009033423,0.0,0.0,369.0,278.0,14.666666666666666,138.33333333333334,13.0,45.0,8.666666666666666,15.666666666666666,20.0,20.666666666666668,11.333333333333334,7.333333333333333
916,Hungary,55,282,UEFA Euro,2024,Europe,male,3,0.0,0.0,0.0,0.0,0.0,0.0,0.0,0.0,0.0,0.0,0.0,0.0,21.924483564326533,0.17714285714285713,0.2179591836734694,0.0,0.0,408.3333333333333,287.0,10.333333333333334,176.33333333333334,12.0,35.333333333333336,8.0,14.333333333333334,25.333333333333332,20.666666666666668,9.333333333333334,6.666666666666667
773,Switzerland,55,282,UEFA Euro,2024,Europe,male,5,0.0,0.0,0.0,0.0,0.0,0.0,0.0,0.0,0.0,0.0,0.0,0.0,19.522873763318948,0.21616320125539426,0.1624166339741075,0.0,0.0,509.8,422.2,12.4,165.0,9.4,39.0,7.8,13.4,20.8,22.2,15.8,10.0
768,England,55,282,UEFA Euro,2024,Europe,male,7,0.0,0.0,0.0,0.0,0.0,0.0,0.0,0.0,0.0,0.0,0.0,0.0,20.49092821508269,0.17640573318632854,0.16449834619625137,0.0,0.0,647.8571428571429,545.0,11.571428571428571,126.28571428571429,13.142857142857142,42.42857142857143,5.428571428571429,10.285714285714286,13.857142857142858,18.857142857142858,10.0,10.142857142857142
786,Serbia,55,282,UEFA Euro,2024,Europe,male,3,0.0,0.0,0.0,0.0,0.0,0.0,0.0,0.0,0.0,0.0,0.0,0.0,21.31390762100239,0.16706443914081145,0.18496420047732698,0.0,0.0,558.6666666666666,442.3333333333333,8.666666666666666,129.0,8.0,41.333333333333336,6.0,14.666666666666666,18.0,16.333333333333332,9.666666666666666,11.0
944,Slovenia,55,282,UEFA Euro,2024,Europe,male,4,0.0,0.0,0.0,0.0,0.0,0.0,0.0,0.0,0.0,0.0,0.0,0.0,23.416730342877905,0.21729651162790697,0.2703488372093023,0.0,0.0,344.0,249.75,10.0,184.25,11.25,40.5,9.5,14.5,27.5,25.5,8.75,6.25
785,Croatia,55,282,UEFA Euro,2024,Europe,male,3,0.0,0.0,0.0,0.0,0.0,0.0,0.0,0.0,0.0,0.0,0.0,0.0,18.362872960067303,0.24397083567021874,0.1351654514862591,0.0,0.0,594.3333333333334,503.0,14.333333333333334,182.0,15.666666666666666,42.0,11.0,17.333333333333332,13.0,25.0,12.333333333333334,6.333333333333333
914,Italy,55,282,UEFA Euro,2024,Europe,male,4,0.0,0.0,0.0,0.0,0.0,0.0,0.0,0.0,0.0,0.0,0.0,0.0,18.370730972062347,0.20623501199040767,0.1254996003197442,0.0,0.0,625.5,523.25,11.25,147.0,8.75,39.0,6.75,12.5,12.25,16.0,10.5,6.0
772,Spain,55,282,UEFA Euro,2024,Europe,male,7,0.0,0.0,0.0,0.0,0.0,0.0,0.0,0.0,0.0,0.0,0.0,0.0,19.79807048975542,0.18712505768343332,0.15159206275957546,0.0,0.0,619.1428571428571,531.4285714285714,17.571428571428573,160.85714285714286,17.285714285714285,44.714285714285715,6.857142857142857,14.714285714285714,16.142857142857142,18.714285714285715,10.714285714285714,11.571428571428571
789,Poland,55,282,UEFA Euro,2024,Europe,male,3,0.0,0.0,0.0,0.0,0.0,0.0,0.0,0.0,0.0,0.0,0.0,0.0,19.04803855691534,0.2757753562447611,0.15758591785414922,0.0,0.0,397.6666666666667,326.0,12.333333333333334,157.0,12.666666666666666,39.0,7.666666666666667,15.0,22.666666666666668,26.666666666666668,9.666666666666666,9.333333333333334
771,France,55,282,UEFA Euro,2024,Europe,male,6,0.0,0.0,0.0,0.0,0.0,0.0,0.0,0.0,0.0,0.0,0.0,0.0,19.002787075911982,0.1965836711059641,0.1447596988998263,0.0,0.0,575.6666666666666,482.1666666666667,16.833333333333332,134.83333333333334,15.333333333333334,36.0,8.0,12.5,16.5,19.0,10.166666666666666,11.166666666666666
915,Austria,55,282,UEFA Euro,2024,Europe,male,4,0.0,0.0,0.0,0.0,0.0,0.0,0.0,0.0,0.0,0.0,0.0,0.0,20.263299687795467,0.18427399903521466,0.16931982633863965,0.0,0.0,518.25,415.75,12.5,180.5,12.0,49.25,11.25,17.0,13.25,24.75,11.0,9.75
2138,Georgia,55,282,UEFA Euro,2024,Europe,male,4,0.0,0.0,0.0,0.0,0.0,0.0,0.0,0.0,0.0,0.0,0.0,0.0,21.49934888554386,0.22666666666666666,0.2056140350877193,0.0,0.0,356.25,291.75,7.5,128.5,18.5,38.0,7.25,10.5,27.75,24.5,11.25,10.75
909,Turkey,55,282,UEFA Euro,2024,Europe,male,5,0.0,0.0,0.0,0.0,0.0,0.0,0.0,0.0,0.0,0.0,0.0,0.0,20.117235815331153,0.22076860179885527,0.17457072771872445,0.0,0.0,489.2,402.8,14.4,125.8,14.4,42.2,9.0,10.6,21.2,19.6,11.2,10.0
911,Ukraine,55,282,UEFA Euro,2024,Europe,male,3,0.0,0.0,0.0,0.0,0.0,0.0,0.0,0.0,0.0,0.0,0.0,0.0,20.96848997607527,0.1532258064516129,0.17338709677419356,0.0,0.0,496.0,418.0,13.333333333333334,139.66666666666666,9.0,34.0,9.333333333333334,12.0,14.666666666666666,17.333333333333332,11.0,6.0
905,Romania,55,282,UEFA Euro,2024,Europe,male,4,0.0,0.0,0.0,0.0,0.0,0.0,0.0,0.0,0.0,0.0,0.0,0.0,22.985643283024462,0.20756115641215717,0.24091919940696813,0.0,0.0,337.25,244.0,9.5,137.5,8.75,39.75,7.75,12.25,23.25,18.5,12.5,11.0
908,Slovakia,55,282,UEFA Euro,2024,Europe,male,4,0.0,0.0,0.0,0.0,0.0,0.0,0.0,0.0,0.0,0.0,0.0,0.0,21.54229032306926,0.19033383158943698,0.20677628300946688,0.0,0.0,501.75,383.25,12.5,133.25,10.0,43.0,9.75,13.25,20.0,17.25,10.75,8.25
941,Netherlands,55,282,UEFA Euro,2024,Europe,male,6,0.0,0.0,0.0,0.0,0.0,0.0,0.0,0.0,0.0,0.0,0.0,0.0,19.766398045394737,0.18806161745827984,0.1527599486521181,0.0,0.0,519.3333333333334,421.8333333333333,13.833333333333334,107.66666666666667,12.0,32.5,8.833333333333334,12.333333333333334,15.666666666666666,15.166666666666666,8.666666666666666,9.166666666666666
782,Belgium,55,282,UEFA Euro,2024,Europe,male,4,0.0,0.0,0.0,0.0,0.0,0.0,0.0,0.0,0.0,0.0,0.0,0.0,20.88652034331069,0.17527173913043478,0.1721014492753623,0.0,0.0,552.0,471.5,13.25,109.75,14.75,38.5,4.75,11.75,13.75,19.75,11.0,10.5
776,Denmark,55,282,UEFA Euro,2024,Europe,male,4,0.0,0.0,0.0,0.0,0.0,0.0,0.0,0.0,0.0,0.0,0.0,0.0,19.17558535192715,0.22998729351969505,0.14781872088098263,0.0,0.0,590.25,468.75,13.0,140.25,7.25,39.75,6.75,13.75,14.75,13.75,9.5,10.25
770,Germany,55,282,UEFA Euro,2024,Europe,male,5,0.0,0.0,0.0,0.0,0.0,0.0,0.0,0.0,0.0,0.0,0.0,0.0,18.14502262387533,0.2425757130255807,0.13025580711555426,0.0,0.0,680.2,589.6,19.0,141.4,12.6,42.8,7.4,14.4,13.8,16.0,13.8,8.4
942,Scotland,55,282,UEFA Euro,2024,Europe,male,3,0.0,0.0,0.0,0.0,0.0,0.0,0.0,0.0,0.0,0.0,0.0,0.0,22.263895306331168,0.19967532467532467,0.19724025974025974,0.0,0.0,410.6666666666667,302.0,5.666666666666667,137.0,5.666666666666667,36.333333333333336,6.0,12.666666666666666,20.666666666666668,18.0,12.333333333333334,12.0
906,Albania,55,282,UEFA Euro,2024,Europe,male,3,0.0,0.0,0.0,0.0,0.0,0.0,0.0,0.0,0.0,0.0,0.0,0.0,21.055233267260387,0.1967769296013571,0.19423240033927056,0.0,0.0,393.0,322.3333333333333,10.666666666666666,146.66666666666666,6.0,34.0,13.666666666666666,10.333333333333334,18.666666666666668,22.666666666666668,11.333333333333334,10.666666666666666
6755,Pomigliano,131,281,Serie A Women,2023/2024,Italy,female,26,0.0,0.0,0.0,0.0,0.0,0.0,0.0,0.0,0.0,0.0,0.0,0.0,21.5504157142513,0.16276041666666666,0.21809895833333334,0.0,0.0,354.46153846153845,280.65384615384613,10.23076923076923,166.57692307692307,14.538461538461538,60.19230769230769,9.807692307692308,12.076923076923077,24.26923076923077,24.692307692307693,15.153846153846153,13.153846153846153
1076,Juventus W,131,281,Serie A Women,2023/2024,Italy,female,26,0.0,0.0,0.0,0.0,0.0,0.0,0.0,0.0,0.0,0.0,0.0,0.0,19.856500080317947,0.1836289837642814,0.1667919422730006,0.0,0.0,511.6923076923077,445.65384615384613,18.807692307692307,149.84615384615384,17.73076923076923,67.5,7.730769230769231,10.423076923076923,18.807692307692307,22.53846153846154,16.076923076923077,16.53846153846154
1086,Fiorentina W,131,281,Serie A Women,2023/2024,Italy,female,26,0.0,0.0,0.0,0.0,0.0,0.0,0.0,0.0,0.0,0.0,0.0,0.0,20.093432160524063,0.19609522178455216,0.17665696180852886,0.0,0.0,449.15384615384613,367.7692307692308,13.384615384615385,170.8846153846154,13.615384615384615,61.73076923076923,9.307692307692308,12.26923076923077,21.5,23.346153846153847,16.192307692307693,14.73076923076923
3154,Sassuolo W,131,281,Serie A Women,2023/2024,Italy,female,26,0.0,0.0,0.0,0.0,0.0,0.0,0.0,0.0,0.0,0.0,0.0,0.0,19.990077756319074,0.20745802750358558,0.18282291403020332,0.0,0.0,455.88461538461536,355.03846153846155,11.73076923076923,174.8846153846154,12.73076923076923,62.92307692307692,10.615384615384615,13.0,25.076923076923077,23.76923076923077,16.53846153846154,14.038461538461538
6757,Sampdoria W,131,281,Serie A Women,2023/2024,Italy,female,26,0.0,0.0,0.0,0.0,0.0,0.0,0.0,0.0,0.0,0.0,0.0,0.0,21.47103704556555,0.19526563838903171,0.23275492716366752,0.0,0.0,359.0769230769231,269.2307692307692,12.884615384615385,177.8846153846154,12.576923076923077,62.15384615384615,12.307692307692308,10.461538461538462,33.61538461538461,25.192307692307693,15.576923076923077,13.73076923076923
3155,Napoli W,131,281,Serie A Women,2023/2024,Italy,female,26,0.0,0.0,0.0,0.0,0.0,0.0,0.0,0.0,0.0,0.0,0.0,0.0,21.58960050178532,0.17930350451840424,0.23010800088163985,0.0,0.0,349.0,270.9230769230769,11.26923076923077,174.84615384615384,14.384615384615385,57.88461538461539,11.038461538461538,16.307692307692307,30.653846153846153,22.307692307692307,15.538461538461538,14.461538461538462
3150,AC Milan W,131,281,Serie A Women,2023/2024,Italy,female,26,0.0,0.0,0.0,0.0,0.0,0.0,0.0,0.0,0.0,0.0,0.0,0.0,20.762352382857735,0.17161333112253357,0.19101309898855912,0.0,0.0,463.9230769230769,374.5769230769231,16.0,161.1153846153846,14.307692307692308,60.0,8.692307692307692,12.615384615384615,24.5,23.923076923076923,16.615384615384617,13.846153846153847
3152,AS Roma W,131,281,Serie A Women,2023/2024,Italy,female,26,0.0,0.0,0.0,0.0,0.0,0.0,0.0,0.0,0.0,0.0,0.0,0.0,20.40098208791658,0.16232059834242976,0.17283201940570042,0.0,0.0,570.8076923076923,468.7692307692308,21.384615384615383,161.15384615384616,14.76923076923077,61.65384615384615,9.576923076923077,10.73076923076923,16.653846153846153,21.03846153846154,15.384615384615385,11.961538461538462
11558,Como W,131,281,Serie A Women,2023/2024,Italy,female,26,0.0,0.0,0.0,0.0,0.0,0.0,0.0,0.0,0.0,0.0,0.0,0.0,20.377840116769594,0.1821377672209026,0.19144893111638955,0.0,0.0,404.8076923076923,329.65384615384613,11.807692307692308,171.30769230769232,13.461538461538462,60.42307692307692,11.307692307692308,13.115384615384615,24.076923076923077,25.692307692307693,17.96153846153846,12.115384615384615
3144,FC Internazionale Milano W,131,281,Serie A Women,2023/2024,Italy,female,26,0.0,0.0,0.0,0.0,0.0,0.0,0.0,0.0,0.0,0.0,0.0,0.0,20.669985501788705,0.16917468197331678,0.1897300651566863,0.0,0.0,495.84615384615387,408.1923076923077,16.115384615384617,158.8846153846154,15.576923076923077,66.92307692307692,9.23076923076923,12.461538461538462,25.96153846153846,22.76923076923077,19.846153846153847,12.923076923076923
174,VfB Stuttgart,35,75,UEFA Europa League,1988/1989,Europe,male,1,0.0,0.0,0.0,0.0,0.0,0.0,0.0,0.0,0.0,0.0,0.0,0.0,26.534892027702703,0.12162162162162163,0.2905405405405405,0.0,0.0,296.0,196.0,8.0,144.0,8.0,55.0,16.0,29.0,68.0,21.0,14.0,8.0
227,Napoli,35,75,UEFA Europa League,1988/1989,Europe,male,3,0.0,0.0,0.0,0.0,0.0,0.0,0.0,0.0,0.0,0.0,0.0,0.0,21.56779129873053,0.19314641744548286,0.21105919003115264,0.0,0.0,428.0,340.0,18.333333333333332,145.33333333333334,28.0,59.333333333333336,12.666666666666666,20.0,20.666666666666668,16.333333333333332,17.0,18.333333333333332
169,Bayern Munich,35,75,UEFA Europa League,1988/1989,Europe,male,1,0.0,0.0,0.0,0.0,0.0,0.0,0.0,0.0,0.0,0.0,0.0,0.0,21.945865550561123,0.09418837675350701,0.1903807615230461,0.0,0.0,499.0,419.0,11.0,79.0,18.0,45.0,5.0,16.0,34.0,9.0,10.0,13.0
1076,Juventus W,35,75,UEFA Europa League,1988/1989,Europe,male,1,0.0,0.0,0.0,0.0,0.0,0.0,0.0,0.0,0.0,0.0,0.0,0.0,20.125051448580443,0.18138801261829654,0.16876971608832808,0.0,0.0,634.0,538.0,15.0,193.0,44.0,82.0,10.0,32.0,17.0,20.0,15.0,17.0
862,Iceland Women's,53,315,UEFA Women's Euro,2025,Europe,female,3,0.0,0.0,0.0,0.0,0.0,0.0,0.0,0.0,0.0,0.0,0.0,0.0,22.654684291800187,0.1696512723845429,0.25070688030160226,0.0,0.0,353.6666666666667,251.66666666666666,11.666666666666666,173.0,11.333333333333334,48.666666666666664,9.0,13.666666666666666,20.333333333333332,26.666666666666668,16.333333333333332,10.0
852,Norway Women's,53,315,UEFA Women's Euro,2025,Europe,female,4,0.0,0.0,0.0,0.0,0.0,0.0,0.0,0.0,0.0,0.0,0.0,0.0,20.175625625013804,0.20541137493097736,0.18277194919933737,0.0,0.0,452.75,331.25,10.75,207.5,14.0,49.75,6.5,9.0,18.0,22.25,14.25,9.5
855,Italy Women's,53,315,UEFA Women's Euro,2025,Europe,female,5,0.0,0.0,0.0,0.0,0.0,0.0,0.0,0.0,0.0,0.0,0.0,0.0,19.928977911274757,0.23209751142712037,0.1929913661757237,0.0,0.0,393.8,288.2,13.8,165.0,15.2,54.6,9.4,8.2,26.4,23.6,13.0,13.2
854,Belgium Women's,53,315,UEFA Women's Euro,2025,Europe,female,3,0.0,0.0,0.0,0.0,0.0,0.0,0.0,0.0,0.0,0.0,0.0,0.0,20.753949608242305,0.1916583912611718,0.2025819265143992,0.0,0.0,335.6666666666667,251.66666666666666,9.333333333333334,183.66666666666666,11.333333333333334,45.0,7.0,13.0,26.666666666666668,27.333333333333332,11.333333333333334,12.0
858,Sweden Women's,53,315,UEFA Women's Euro,2025,Europe,female,4,0.0,0.0,0.0,0.0,0.0,0.0,0.0,0.0,0.0,0.0,0.0,0.0,20.992315300471326,0.2015900056785917,0.20045428733674048,0.0,0.0,440.25,346.5,18.0,168.25,22.25,73.0,5.75,13.75,17.5,28.5,14.5,17.25
853,Denmark Women's,53,315,UEFA Women's Euro,2025,Europe,female,3,0.0,0.0,0.0,0.0,0.0,0.0,0.0,0.0,0.0,0.0,0.0,0.0,21.812884971917192,0.1773177317731773,0.20342034203420342,0.0,0.0,370.3333333333333,280.6666666666667,11.0,189.33333333333334,8.666666666666666,57.333333333333336,8.333333333333334,12.333333333333334,27.333333333333332,29.0,13.333333333333334,10.666666666666666
860,Switzerland Women's,53,315,UEFA Women's Euro,2025,Europe,female,4,0.0,0.0,0.0,0.0,0.0,0.0,0.0,0.0,0.0,0.0,0.0,0.0,19.27061202066265,0.2548192771084337,0.16626506024096385,0.0,0.0,415.0,357.5,13.0,192.5,18.5,56.75,7.5,11.75,20.25,25.0,18.5,12.75
865,England Women's,53,315,UEFA Women's Euro,2025,Europe,female,6,0.0,0.0,0.0,0.0,0.0,0.0,0.0,0.0,0.0,0.0,0.0,0.0,20.98327231947755,0.21462863597853712,0.19344817848065518,0.0,0.0,590.1666666666666,456.8333333333333,19.166666666666668,215.83333333333334,12.333333333333334,59.333333333333336,7.5,14.333333333333334,20.333333333333332,30.0,15.166666666666666,13.166666666666666
863,Spain Women's,53,315,UEFA Women's Euro,2025,Europe,female,6,0.0,0.0,0.0,0.0,0.0,0.0,0.0,0.0,0.0,0.0,0.0,0.0,17.21705244897519,0.2612729234088457,0.1029126213592233,0.0,0.0,772.5,658.0,24.833333333333332,169.83333333333334,18.333333333333332,63.333333333333336,8.833333333333334,12.5,14.833333333333334,20.0,12.666666666666666,15.666666666666666
857,Germany Women's,53,315,UEFA Women's Euro,2025,Europe,female,5,0.0,0.0,0.0,0.0,0.0,0.0,0.0,0.0,0.0,0.0,0.0,0.0,22.8081814838825,0.14687100893997446,0.22860791826309068,0.0,0.0,469.8,374.6,18.0,230.6,17.2,55.4,11.4,14.6,18.8,24.0,15.8,13.8
861,France Women's,53,315,UEFA Women's Euro,2025,Europe,female,4,0.0,0.0,0.0,0.0,0.0,0.0,0.0,0.0,0.0,0.0,0.0,0.0,18.634544301868733,0.2397447584320875,0.14083865086599817,0.0,0.0,548.5,450.75,18.5,165.0,20.25,62.75,8.75,13.25,16.5,20.75,16.25,14.25
2456,Wales W,53,315,UEFA Women's Euro,2025,Europe,female,3,0.0,0.0,0.0,0.0,0.0,0.0,0.0,0.0,0.0,0.0,0.0,0.0,21.918461524175825,0.21001221001221002,0.22832722832722832,0.0,0.0,273.0,182.0,5.666666666666667,207.66666666666666,11.333333333333334,40.666666666666664,10.666666666666666,7.333333333333333,24.0,23.333333333333332,14.0,9.666666666666666
851,Netherlands Women's,53,315,UEFA Women's Euro,2025,Europe,female,3,0.0,0.0,0.0,0.0,0.0,0.0,0.0,0.0,0.0,0.0,0.0,0.0,21.229267700942714,0.18491660623640319,0.2001450326323423,0.0,0.0,459.6666666666667,363.6666666666667,11.333333333333334,158.0,11.666666666666666,56.666666666666664,7.0,11.0,17.666666666666668,22.333333333333332,15.666666666666666,15.0
29167,Poland Women's,53,315,UEFA Women's Euro,2025,Europe,female,3,0.0,0.0,0.0,0.0,0.0,0.0,0.0,0.0,0.0,0.0,0.0,0.0,23.501339833608622,0.15080789946140036,0.24326750448833034,0.0,0.0,371.3333333333333,283.0,11.333333333333334,194.66666666666666,13.666666666666666,57.333333333333336,8.0,9.333333333333334,26.0,20.333333333333332,15.0,13.0
864,Portugal Women's,53,315,UEFA Women's Euro,2025,Europe,female,3,0.0,0.0,0.0,0.0,0.0,0.0,0.0,0.0,0.0,0.0,0.0,0.0,20.369015701432293,0.2048611111111111,0.19010416666666666,0.0,0.0,384.0,307.0,10.666666666666666,196.0,18.333333333333332,53.666666666666664,12.0,10.666666666666666,19.666666666666668,24.333333333333332,14.333333333333334,12.333333333333334
920,WNT Finland,53,315,UEFA Women's Euro,2025,Europe,female,3,0.0,0.0,0.0,0.0,0.0,0.0,0.0,0.0,0.0,0.0,0.0,0.0,19.50819577902188,0.20205920205920205,0.14157014157014158,0.0,0.0,518.0,420.6666666666667,12.0,214.33333333333334,16.666666666666668,59.333333333333336,5.333333333333333,7.666666666666667,22.666666666666668,22.666666666666668,20.333333333333332,13.333333333333334
2358,North Macedonia,55,43,UEFA Euro,2020,Europe,male,3,0.0,0.0,0.0,0.0,0.0,0.0,0.0,0.0,0.0,0.0,0.0,0.0,21.29634776012195,0.2,0.2008130081300813,0.0,0.0,410.0,345.0,11.0,137.33333333333334,16.666666666666668,47.666666666666664,16.666666666666668,14.333333333333334,16.666666666666668,19.0,17.333333333333332,13.333333333333334
911,Ukraine,55,43,UEFA Euro,2020,Europe,male,5,0.0,0.0,0.0,0.0,0.0,0.0,0.0,0.0,0.0,0.0,0.0,0.0,19.831274767681418,0.1943362831858407,0.1614159292035398,0.0,0.0,565.0,449.2,10.2,160.0,9.4,36.8,16.4,10.0,23.2,22.0,13.8,9.4
771,France,55,43,UEFA Euro,2020,Europe,male,4,0.0,0.0,0.0,0.0,0.0,0.0,0.0,0.0,0.0,0.0,0.0,0.0,19.644823678597785,0.1886018860188602,0.15416154161541615,0.0,0.0,609.75,507.5,15.75,148.5,21.5,39.0,13.5,16.0,15.5,15.0,11.0,12.25
780,Portugal,55,43,UEFA Euro,2020,Europe,male,4,0.0,0.0,0.0,0.0,0.0,0.0,0.0,0.0,0.0,0.0,0.0,0.0,20.631933416616832,0.18240068346860316,0.1845365228534814,0.0,0.0,585.25,479.0,12.75,124.5,15.5,40.75,11.0,11.5,14.75,12.25,11.0,11.75
773,Switzerland,55,43,UEFA Euro,2020,Europe,male,5,0.0,0.0,0.0,0.0,0.0,0.0,0.0,0.0,0.0,0.0,0.0,0.0,20.917884425440615,0.18007662835249041,0.18237547892720307,0.0,0.0,522.0,401.2,15.4,176.2,12.0,41.0,18.0,14.8,22.0,16.2,15.8,9.8
909,Turkey,55,43,UEFA Euro,2020,Europe,male,3,0.0,0.0,0.0,0.0,0.0,0.0,0.0,0.0,0.0,0.0,0.0,0.0,20.973369952844415,0.227553118574366,0.1850582590815627,0.0,0.0,486.3333333333333,387.6666666666667,13.666666666666666,193.66666666666666,12.666666666666666,39.666666666666664,19.0,18.0,21.0,17.666666666666668,11.0,8.0
908,Slovakia,55,43,UEFA Euro,2020,Europe,male,3,0.0,0.0,0.0,0.0,0.0,0.0,0.0,0.0,0.0,0.0,0.0,0.0,21.846034590635917,0.1628232005590496,0.20125786163522014,0.0,0.0,477.0,373.6666666666667,8.0,203.0,13.0,32.0,13.0,13.333333333333334,31.666666666666668,20.0,11.666666666666666,7.666666666666667
790,Sweden,55,43,UEFA Euro,2020,Europe,male,4,0.0,0.0,0.0,0.0,0.0,0.0,0.0,0.0,0.0,0.0,0.0,0.0,22.6952447166875,0.1875,0.23,0.0,0.0,400.0,294.25,10.25,132.25,12.0,41.75,16.0,14.75,35.0,20.25,10.75,11.25
912,Czech Republic,55,43,UEFA Euro,2020,Europe,male,5,0.0,0.0,0.0,0.0,0.0,0.0,0.0,0.0,0.0,0.0,0.0,0.0,22.090017820606885,0.20652173913043478,0.23233695652173914,0.0,0.0,441.6,336.6,11.2,147.6,10.6,47.4,15.6,12.4,32.4,17.4,10.6,9.8
785,Croatia,55,43,UEFA Euro,2020,Europe,male,4,0.0,0.0,0.0,0.0,0.0,0.0,0.0,0.0,0.0,0.0,0.0,0.0,20.377530055830555,0.199428843407901,0.1861018562589243,0.0,0.0,525.25,423.75,10.25,196.5,16.5,36.5,15.75,15.0,23.0,15.0,16.75,11.25
772,Spain,55,43,UEFA Euro,2020,Europe,male,6,0.0,0.0,0.0,0.0,0.0,0.0,0.0,0.0,0.0,0.0,0.0,0.0,19.668747958692787,0.17573931060463363,0.15257110566961762,0.0,0.0,884.8333333333334,725.1666666666666,21.0,145.5,17.0,52.0,11.166666666666666,13.166666666666666,14.333333333333334,18.333333333333332,13.166666666666666,12.333333333333334
782,Belgium,55,43,UEFA Euro,2020,Europe,male,5,0.0,0.0,0.0,0.0,0.0,0.0,0.0,0.0,0.0,0.0,0.0,0.0,20.211365441968997,0.1787598944591029,0.16523746701846967,0.0,0.0,606.4,509.4,9.6,116.2,20.2,39.6,10.6,14.8,18.8,17.0,11.8,11.6
941,Netherlands,55,43,UEFA Euro,2020,Europe,male,4,0.0,0.0,0.0,0.0,0.0,0.0,0.0,0.0,0.0,0.0,0.0,0.0,20.60206778308304,0.19522968197879859,0.16607773851590105,0.0,0.0,566.0,464.75,13.0,169.5,15.5,51.75,11.75,11.5,15.0,16.0,12.0,14.0
915,Austria,55,43,UEFA Euro,2020,Europe,male,4,0.0,0.0,0.0,0.0,0.0,0.0,0.0,0.0,0.0,0.0,0.0,0.0,20.6489140673293,0.18323249783923942,0.19273984442523767,0.0,0.0,578.5,462.75,13.25,187.75,16.0,54.75,14.5,15.0,20.25,19.75,13.0,12.25
914,Italy,55,43,UEFA Euro,2020,Europe,male,7,0.0,0.0,0.0,0.0,0.0,0.0,0.0,0.0,0.0,0.0,0.0,0.0,19.445647165435176,0.2157751586582049,0.15979147778785133,0.0,0.0,630.2857142857143,513.4285714285714,19.428571428571427,156.14285714285714,17.0,44.714285714285715,14.285714285714286,15.428571428571429,19.857142857142858,17.714285714285715,14.0,12.285714285714286
907,Wales,55,43,UEFA Euro,2020,Europe,male,4,0.0,0.0,0.0,0.0,0.0,0.0,0.0,0.0,0.0,0.0,0.0,0.0,24.512197270007317,0.17410387710314557,0.2582297000731529,0.0,0.0,341.75,243.75,9.75,144.5,8.0,33.25,11.25,10.25,27.5,18.75,9.25,7.75
776,Denmark,55,43,UEFA Euro,2020,Europe,male,6,0.0,0.0,0.0,0.0,0.0,0.0,0.0,0.0,0.0,0.0,0.0,0.0,21.146866385058562,0.2060778727445394,0.192465970243748,0.0,0.0,526.5,425.5,15.333333333333334,126.83333333333333,15.166666666666666,49.5,13.833333333333334,14.833333333333334,28.0,15.166666666666666,12.666666666666666,8.0
768,England,55,43,UEFA Euro,2020,Europe,male,7,0.0,0.0,0.0,0.0,0.0,0.0,0.0,0.0,0.0,0.0,0.0,0.0,21.499211720807143,0.17651496102589892,0.18456122705556952,0.0,0.0,568.1428571428571,465.2857142857143,10.0,164.71428571428572,17.0,40.42857142857143,16.285714285714285,12.285714285714286,19.428571428571427,15.571428571428571,11.142857142857142,10.857142857142858
916,Hungary,55,43,UEFA Euro,2020,Europe,male,3,0.0,0.0,0.0,0.0,0.0,0.0,0.0,0.0,0.0,0.0,0.0,0.0,21.359918267827005,0.20147679324894516,0.1930379746835443,0.0,0.0,316.0,237.66666666666666,6.333333333333333,149.33333333333334,14.0,39.333333333333336,15.666666666666666,14.666666666666666,25.666666666666668,21.666666666666668,14.0,15.666666666666666
796,Russia,55,43,UEFA Euro,2020,Europe,male,3,0.0,0.0,0.0,0.0,0.0,0.0,0.0,0.0,0.0,0.0,0.0,0.0,22.74106475478927,0.1846743295019157,0.23448275862068965,0.0,0.0,435.0,329.0,8.333333333333334,151.33333333333334,11.333333333333334,54.666666666666664,11.666666666666666,14.333333333333334,23.666666666666668,18.333333333333332,11.0,7.666666666666667
770,Germany,55,43,UEFA Euro,2020,Europe,male,4,0.0,0.0,0.0,0.0,0.0,0.0,0.0,0.0,0.0,0.0,0.0,0.0,20.663463247041197,0.149438202247191,0.1760299625468165,0.0,0.0,667.5,538.25,12.5,125.25,10.75,42.5,12.0,12.5,15.25,14.25,11.25,10.75
789,Poland,55,43,UEFA Euro,2020,Europe,male,3,0.0,0.0,0.0,0.0,0.0,0.0,0.0,0.0,0.0,0.0,0.0,0.0,21.24495522562995,0.21022318214542837,0.2015838732901368,0.0,0.0,463.0,342.3333333333333,13.666666666666666,176.33333333333334,13.333333333333334,50.666666666666664,13.0,16.666666666666668,22.0,20.0,15.666666666666666,7.0
942,Scotland,55,43,UEFA Euro,2020,Europe,male,3,0.0,0.0,0.0,0.0,0.0,0.0,0.0,0.0,0.0,0.0,0.0,0.0,24.23073832324455,0.15173527037933818,0.23648103309120258,0.0,0.0,413.0,308.6666666666667,13.666666666666666,184.0,13.666666666666666,50.333333333333336,19.666666666666668,12.333333333333334,24.0,14.333333333333334,9.666666666666666,9.666666666666666
1835,Finland,55,43,UEFA Euro,2020,Europe,male,3,0.0,0.0,0.0,0.0,0.0,0.0,0.0,0.0,0.0,0.0,0.0,0.0,22.20085998579832,0.18487394957983194,0.22521008403361345,0.0,0.0,396.6666666666667,312.0,6.333333333333333,192.66666666666666,12.333333333333334,37.333333333333336,14.666666666666666,11.666666666666666,37.666666666666664,18.333333333333332,10.333333333333334,9.333333333333334
3282,Real Madrid CF W,182,281,Liga F,2023/2024,Spain,female,30,0.0,0.0,0.0,0.0,0.0,0.0,0.0,0.0,0.0,0.0,0.0,0.0,19.865241304887384,0.19617826764106866,0.16766502935186295,0.0,0.0,556.4666666666667,475.6333333333333,17.266666666666666,169.86666666666667,20.733333333333334,62.43333333333333,10.333333333333334,10.833333333333334,16.666666666666668,20.133333333333333,18.866666666666667,15.8
3269,Costa Adeje Tenerife,182,281,Liga F,2023/2024,Spain,female,30,0.0,0.0,0.0,0.0,0.0,0.0,0.0,0.0,0.0,0.0,0.0,0.0,23.396646167515595,0.1541748568498419,0.2598068541150329,0.0,0.0,390.03333333333336,296.06666666666666,12.133333333333333,177.06666666666666,15.966666666666667,60.166666666666664,11.166666666666666,11.066666666666666,25.533333333333335,21.466666666666665,19.166666666666668,13.166666666666666
3281,Sevilla FC,182,281,Liga F,2023/2024,Spain,female,30,0.0,0.0,0.0,0.0,0.0,0.0,0.0,0.0,0.0,0.0,0.0,0.0,21.33818068143986,0.17372251349870882,0.2083887628139917,0.0,0.0,425.96666666666664,348.6666666666667,12.8,190.46666666666667,15.633333333333333,60.03333333333333,10.266666666666667,11.8,23.4,21.266666666666666,18.066666666666666,15.766666666666667
3275,SD Eibar,182,281,Liga F,2023/2024,Spain,female,30,0.0,0.0,0.0,0.0,0.0,0.0,0.0,0.0,0.0,0.0,0.0,0.0,24.213250843092247,0.18687743611953225,0.2932005197055002,0.0,0.0,307.8666666666667,216.5,10.266666666666667,172.06666666666666,13.6,60.766666666666666,11.4,10.4,33.4,25.733333333333334,18.7,12.066666666666666
937,Barcelona WFC,182,281,Liga F,2023/2024,Spain,female,30,0.0,0.0,0.0,0.0,0.0,0.0,0.0,0.0,0.0,0.0,0.0,0.0,16.62666023581259,0.2714861140555438,0.09908840364638541,0.0,0.0,786.1666666666666,673.1,26.8,150.6,19.433333333333334,62.6,8.066666666666666,7.666666666666667,8.6,19.333333333333332,14.333333333333334,12.566666666666666
3278,Madrid CFF,182,281,Liga F,2023/2024,Spain,female,30,0.0,0.0,0.0,0.0,0.0,0.0,0.0,0.0,0.0,0.0,0.0,0.0,17.393023993158284,0.2616405232810466,0.12567425134850269,0.0,0.0,537.6333333333333,431.1666666666667,15.3,173.56666666666666,18.133333333333333,68.3,9.5,10.3,20.933333333333334,27.2,22.166666666666668,15.633333333333333
3270,Athletic Club Bilbao,182,281,Liga F,2023/2024,Spain,female,30,0.0,0.0,0.0,0.0,0.0,0.0,0.0,0.0,0.0,0.0,0.0,0.0,21.00912465340072,0.17754203362690152,0.1984921270349613,0.0,0.0,499.6,397.8,9.833333333333334,196.33333333333334,17.1,59.1,11.066666666666666,9.233333333333333,26.3,22.833333333333332,16.866666666666667,14.166666666666666
3272,Real Sociedad de Fútbol,182,281,Liga F,2023/2024,Spain,female,30,0.0,0.0,0.0,0.0,0.0,0.0,0.0,0.0,0.0,0.0,0.0,0.0,20.21848219404857,0.18642403613274858,0.1728742554166394,0.0,0.0,509.23333333333335,412.1,12.7,176.7,18.233333333333334,61.233333333333334,9.666666666666666,10.066666666666666,28.733333333333334,23.766666666666666,17.666666666666668,12.566666666666666
1105,Atletico Madrid W,182,281,Liga F,2023/2024,Spain,female,30,0.0,0.0,0.0,0.0,0.0,0.0,0.0,0.0,0.0,0.0,0.0,0.0,20.92746242004877,0.1754892524863651,0.19653512993262753,0.0,0.0,519.5,440.3333333333333,14.566666666666666,152.83333333333334,20.266666666666666,62.5,10.233333333333333,10.533333333333333,20.066666666666666,21.266666666666666,18.0,14.833333333333334
3274,Levante UD Femenino,182,281,Liga F,2023/2024,Spain,female,30,0.0,0.0,0.0,0.0,0.0,0.0,0.0,0.0,0.0,0.0,0.0,0.0,19.163660297131003,0.20308178585539313,0.1485578822599763,0.0,0.0,590.5666666666667,490.73333333333335,12.266666666666667,169.96666666666667,18.333333333333332,59.666666666666664,9.733333333333333,9.966666666666667,22.966666666666665,22.433333333333334,18.1,13.766666666666667
3279,Real Betis Balompié,182,281,Liga F,2023/2024,Spain,female,30,0.0,0.0,0.0,0.0,0.0,0.0,0.0,0.0,0.0,0.0,0.0,0.0,20.809483080263302,0.21728971962616822,0.20219266714593817,0.0,0.0,370.93333333333334,288.8,10.366666666666667,212.56666666666666,16.266666666666666,60.233333333333334,9.1,12.733333333333333,26.5,25.2,19.966666666666665,16.2
3277,Valencia CF,182,281,Liga F,2023/2024,Spain,female,30,0.0,0.0,0.0,0.0,0.0,0.0,0.0,0.0,0.0,0.0,0.0,0.0,20.093779713790315,0.21387723980175372,0.18619900876858558,0.0,0.0,437.1666666666667,350.0,12.933333333333334,183.03333333333333,17.8,64.16666666666667,10.766666666666667,11.033333333333333,23.433333333333334,22.833333333333332,19.266666666666666,16.033333333333335
3280,CD Sporting de Huelva,182,281,Liga F,2023/2024,Spain,female,30,0.0,0.0,0.0,0.0,0.0,0.0,0.0,0.0,0.0,0.0,0.0,0.0,22.981215943823194,0.1995249406175772,0.2553960549416503,0.0,0.0,322.76666666666665,230.56666666666666,8.033333333333333,194.33333333333334,12.2,60.0,12.8,10.033333333333333,31.633333333333333,25.566666666666666,17.4,12.333333333333334
6604,Villarreal,182,281,Liga F,2023/2024,Spain,female,30,0.0,0.0,0.0,0.0,0.0,0.0,0.0,0.0,0.0,0.0,0.0,0.0,21.72612195950823,0.21540762902019447,0.2274682124158564,0.0,0.0,356.53333333333336,262.2,7.533333333333333,177.03333333333333,14.566666666666666,59.06666666666667,11.733333333333333,11.6,27.933333333333334,24.833333333333332,16.133333333333333,11.8
18938,Granada W,182,281,Liga F,2023/2024,Spain,female,30,0.0,0.0,0.0,0.0,0.0,0.0,0.0,0.0,0.0,0.0,0.0,0.0,21.75873306536379,0.18781885252334982,0.22831802841221255,0.0,0.0,424.7,327.96666666666664,11.366666666666667,201.06666666666666,15.566666666666666,61.13333333333333,9.4,12.166666666666666,26.166666666666668,22.0,13.433333333333334,13.533333333333333
11864,FC Levante Badalona,182,281,Liga F,2023/2024,Spain,female,30,0.0,0.0,0.0,0.0,0.0,0.0,0.0,0.0,0.0,0.0,0.0,0.0,22.590044655878586,0.18536543715846995,0.2455601092896175,0.0,0.0,390.4,298.96666666666664,11.366666666666667,193.46666666666667,17.733333333333334,60.733333333333334,10.466666666666667,12.366666666666667,28.6,24.666666666666668,19.966666666666665,15.4
852,Norway Women's,53,106,UEFA Women's Euro,2022,Europe,female,3,0.0,0.0,0.0,0.0,0.0,0.0,0.0,0.0,0.0,0.0,0.0,0.0,19.220631841409393,0.19395973154362417,0.14630872483221477,0.0,0.0,496.6666666666667,380.6666666666667,11.333333333333334,139.0,18.0,49.0,16.666666666666668,8.666666666666666,23.666666666666668,13.0,16.333333333333332,10.333333333333334
2457,Northern Ireland W,53,106,UEFA Women's Euro,2022,Europe,female,3,0.0,0.0,0.0,0.0,0.0,0.0,0.0,0.0,0.0,0.0,0.0,0.0,23.667887760752432,0.1553398058252427,0.2621359223300971,0.0,0.0,274.6666666666667,206.33333333333334,5.333333333333333,165.66666666666666,11.666666666666666,47.0,16.333333333333332,8.0,25.0,20.333333333333332,18.333333333333332,8.0
862,Iceland Women's,53,106,UEFA Women's Euro,2022,Europe,female,3,0.0,0.0,0.0,0.0,0.0,0.0,0.0,0.0,0.0,0.0,0.0,0.0,22.778453761341225,0.1883629191321499,0.25542406311637084,0.0,0.0,338.0,216.0,13.0,138.33333333333334,16.666666666666668,53.333333333333336,21.333333333333332,12.333333333333334,26.666666666666668,20.333333333333332,14.666666666666666,11.666666666666666
854,Belgium Women's,53,106,UEFA Women's Euro,2022,Europe,female,4,0.0,0.0,0.0,0.0,0.0,0.0,0.0,0.0,0.0,0.0,0.0,0.0,21.387130898171748,0.15401662049861495,0.19778393351800555,0.0,0.0,451.25,314.25,6.0,154.0,12.0,49.0,20.0,8.75,31.75,24.0,14.0,11.5
858,Sweden Women's,53,106,UEFA Women's Euro,2022,Europe,female,5,0.0,0.0,0.0,0.0,0.0,0.0,0.0,0.0,0.0,0.0,0.0,0.0,19.743103504483518,0.2254945054945055,0.17582417582417584,0.0,0.0,455.0,334.0,17.6,151.4,17.6,58.8,14.8,10.0,12.0,17.6,16.0,16.6
851,Netherlands Women's,53,106,UEFA Women's Euro,2022,Europe,female,4,0.0,0.0,0.0,0.0,0.0,0.0,0.0,0.0,0.0,0.0,0.0,0.0,20.87952319757752,0.1937984496124031,0.20155038759689922,0.0,0.0,516.0,415.5,13.75,170.75,19.25,55.75,14.75,10.25,26.25,20.0,15.75,19.25
859,Austria Women's,53,106,UEFA Women's Euro,2022,Europe,female,4,0.0,0.0,0.0,0.0,0.0,0.0,0.0,0.0,0.0,0.0,0.0,0.0,20.524903871374526,0.2042875157629256,0.19672131147540983,0.0,0.0,396.5,308.0,15.0,136.75,18.0,69.5,13.25,10.0,21.25,20.5,16.0,16.75
855,Italy Women's,53,106,UEFA Women's Euro,2022,Europe,female,3,0.0,0.0,0.0,0.0,0.0,0.0,0.0,0.0,0.0,0.0,0.0,0.0,19.457918126615702,0.20917303683113272,0.16122307157748436,0.0,0.0,479.6666666666667,373.6666666666667,18.333333333333332,139.66666666666666,16.0,75.0,19.333333333333332,9.666666666666666,15.333333333333334,24.333333333333332,19.666666666666668,12.666666666666666
865,England Women's,53,106,UEFA Women's Euro,2022,Europe,female,6,0.0,0.0,0.0,0.0,0.0,0.0,0.0,0.0,0.0,0.0,0.0,0.0,20.943294993710875,0.1555886736214605,0.1886736214605067,0.0,0.0,559.1666666666666,462.5,18.0,142.33333333333334,16.166666666666668,53.5,17.833333333333332,9.833333333333334,21.5,18.166666666666668,15.666666666666666,15.666666666666666
863,Spain Women's,53,106,UEFA Women's Euro,2022,Europe,female,4,0.0,0.0,0.0,0.0,0.0,0.0,0.0,0.0,0.0,0.0,0.0,0.0,18.45192520219379,0.22824974411463664,0.14534288638689866,0.0,0.0,732.75,619.25,20.25,112.0,26.75,65.0,14.25,9.75,21.0,20.25,15.0,14.0
857,Germany Women's,53,106,UEFA Women's Euro,2022,Europe,female,6,0.0,0.0,0.0,0.0,0.0,0.0,0.0,0.0,0.0,0.0,0.0,0.0,20.114881259973135,0.2132303559435863,0.1964405641370047,0.0,0.0,496.3333333333333,379.1666666666667,17.833333333333332,180.83333333333334,15.333333333333334,62.666666666666664,16.5,14.5,22.833333333333332,23.5,16.166666666666668,13.5
860,Switzerland Women's,53,106,UEFA Women's Euro,2022,Europe,female,3,0.0,0.0,0.0,0.0,0.0,0.0,0.0,0.0,0.0,0.0,0.0,0.0,19.311166950735295,0.22136222910216719,0.17337461300309598,0.0,0.0,430.6666666666667,310.6666666666667,8.333333333333334,183.66666666666666,12.333333333333334,62.333333333333336,20.0,12.0,17.666666666666668,24.0,16.666666666666668,17.666666666666668
861,France Women's,53,106,UEFA Women's Euro,2022,Europe,female,5,0.0,0.0,0.0,0.0,0.0,0.0,0.0,0.0,0.0,0.0,0.0,0.0,20.12174132041847,0.20454545454545456,0.17893217893217894,0.0,0.0,554.4,469.8,21.4,132.0,24.6,66.4,19.8,7.0,16.0,17.2,18.0,14.2
920,WNT Finland,53,106,UEFA Women's Euro,2022,Europe,female,3,0.0,0.0,0.0,0.0,0.0,0.0,0.0,0.0,0.0,0.0,0.0,0.0,21.361094714843006,0.2369172216936251,0.21503330161750714,0.0,0.0,350.3333333333333,251.0,4.666666666666667,163.0,14.333333333333334,49.666666666666664,18.666666666666668,9.333333333333334,29.666666666666668,33.333333333333336,13.666666666666666,11.0
864,Portugal Women's,53,106,UEFA Women's Euro,2022,Europe,female,3,0.0,0.0,0.0,0.0,0.0,0.0,0.0,0.0,0.0,0.0,0.0,0.0,21.059360667866322,0.17737789203084833,0.19880034275921166,0.0,0.0,389.0,335.0,11.333333333333334,147.33333333333334,23.333333333333332,60.333333333333336,18.666666666666668,10.333333333333334,20.0,22.666666666666668,18.333333333333332,16.666666666666668
853,Denmark Women's,53,106,UEFA Women's Euro,2022,Europe,female,3,0.0,0.0,0.0,0.0,0.0,0.0,0.0,0.0,0.0,0.0,0.0,0.0,20.64801068198347,0.2,0.1743801652892562,0.0,0.0,403.3333333333333,291.6666666666667,11.333333333333334,161.33333333333334,17.0,53.333333333333336,22.666666666666668,9.666666666666666,19.333333333333332,18.333333333333332,15.0,12.0
1041,Sporting Gijón,11,27,La Liga,2015/2016,Spain,male,38,0.0,0.0,0.0,0.0,0.0,0.0,0.0,0.0,0.0,0.0,0.0,0.0,23.29405485357694,0.18034564122186086,0.24660417065238185,0.0,0.0,412.6578947368421,301.07894736842104,10.0,157.42105263157896,17.86842105263158,50.3421052631579,18.263157894736842,16.763157894736842,22.63157894736842,18.473684210526315,13.052631578947368,11.789473684210526
220,Real Madrid,11,27,La Liga,2015/2016,Spain,male,38,0.0,0.0,0.0,0.0,0.0,0.0,0.0,0.0,0.0,0.0,0.0,0.0,20.194222580268054,0.20692469607801023,0.1787877486146312,0.0,0.0,612.6052631578947,494.7105263157895,18.86842105263158,132.0,21.394736842105264,47.973684210526315,16.842105263157894,13.078947368421053,15.052631578947368,16.5,12.18421052631579,10.078947368421053
322,Eibar,11,27,La Liga,2015/2016,Spain,male,38,0.0,0.0,0.0,0.0,0.0,0.0,0.0,0.0,0.0,0.0,0.0,0.0,23.951176442100483,0.18668891360771228,0.27437893956247683,0.0,0.0,425.8421052631579,285.3421052631579,11.157894736842104,164.39473684210526,15.447368421052632,54.36842105263158,16.55263157894737,18.894736842105264,21.210526315789473,18.657894736842106,14.447368421052632,12.105263157894736
221,Levante UD,11,27,La Liga,2015/2016,Spain,male,38,0.0,0.0,0.0,0.0,0.0,0.0,0.0,0.0,0.0,0.0,0.0,0.0,23.059981377008903,0.17422522246087757,0.24737649585762503,0.0,0.0,428.8157894736842,310.4736842105263,11.657894736842104,142.0,18.973684210526315,50.8421052631579,16.05263157894737,16.842105263157894,24.789473684210527,17.157894736842106,14.447368421052632,13.289473684210526
213,Sevilla,11,27,La Liga,2015/2016,Spain,male,38,0.0,0.0,0.0,0.0,0.0,0.0,0.0,0.0,0.0,0.0,0.0,0.0,22.07380726805607,0.18161409164172232,0.218570112825236,0.0,0.0,457.1578947368421,337.60526315789474,12.421052631578947,139.6578947368421,16.736842105263158,46.89473684210526,13.31578947368421,16.92105263157895,18.86842105263158,17.36842105263158,11.81578947368421,11.5
208,Las Palmas,11,27,La Liga,2015/2016,Spain,male,38,0.0,0.0,0.0,0.0,0.0,0.0,0.0,0.0,0.0,0.0,0.0,0.0,20.739105514723633,0.19447739241827586,0.18536793661337003,0.0,0.0,554.6578947368421,443.0263157894737,11.131578947368421,137.18421052631578,20.63157894736842,51.421052631578945,16.13157894736842,14.289473684210526,22.526315789473685,17.0,14.526315789473685,13.763157894736842
216,Getafe,11,27,La Liga,2015/2016,Spain,male,38,0.0,0.0,0.0,0.0,0.0,0.0,0.0,0.0,0.0,0.0,0.0,0.0,22.62785506612624,0.2041044776119403,0.2366915422885572,0.0,0.0,423.1578947368421,322.86842105263156,11.473684210526315,162.68421052631578,19.736842105263158,51.39473684210526,17.94736842105263,17.210526315789473,19.31578947368421,17.18421052631579,14.263157894736842,13.5
219,RC Deportivo La Coruña,11,27,La Liga,2015/2016,Spain,male,38,0.0,0.0,0.0,0.0,0.0,0.0,0.0,0.0,0.0,0.0,0.0,0.0,23.474988140571234,0.18022826642439385,0.25518142070296973,0.0,0.0,463.44736842105266,347.13157894736844,12.026315789473685,151.6315789473684,14.868421052631579,49.63157894736842,17.94736842105263,12.394736842105264,21.394736842105264,18.394736842105264,12.578947368421053,10.81578947368421
223,Málaga,11,27,La Liga,2015/2016,Spain,male,38,0.0,0.0,0.0,0.0,0.0,0.0,0.0,0.0,0.0,0.0,0.0,0.0,21.94378730073243,0.21675492354376152,0.2302612006901886,0.0,0.0,442.2894736842105,321.7368421052632,12.0,138.31578947368422,17.526315789473685,53.10526315789474,16.31578947368421,16.736842105263158,21.236842105263158,18.710526315789473,13.236842105263158,12.18421052631579
214,Espanyol,11,27,La Liga,2015/2016,Spain,male,38,0.0,0.0,0.0,0.0,0.0,0.0,0.0,0.0,0.0,0.0,0.0,0.0,22.563682641186755,0.19735863095238096,0.23952132936507936,0.0,0.0,424.42105263157896,317.63157894736844,10.5,155.44736842105263,19.81578947368421,47.73684210526316,16.105263157894736,20.13157894736842,22.736842105263158,18.18421052631579,14.052631578947368,11.631578947368421
222,Villarreal,11,27,La Liga,2015/2016,Spain,male,38,0.0,0.0,0.0,0.0,0.0,0.0,0.0,0.0,0.0,0.0,0.0,0.0,21.74278999738972,0.1799270489000342,0.20261028154565144,0.0,0.0,461.7368421052632,348.13157894736844,9.131578947368421,141.3421052631579,15.710526315789474,49.026315789473685,16.0,16.13157894736842,22.526315789473685,21.68421052631579,14.763157894736842,11.394736842105264
360,Rayo Vallecano,11,27,La Liga,2015/2016,Spain,male,38,0.0,0.0,0.0,0.0,0.0,0.0,0.0,0.0,0.0,0.0,0.0,0.0,22.411833341246833,0.1890578791719476,0.23420997042670047,0.0,0.0,498.3157894736842,363.9736842105263,13.18421052631579,150.1315789473684,18.55263157894737,51.36842105263158,14.921052631578947,16.894736842105264,21.157894736842106,17.86842105263158,14.657894736842104,13.973684210526315
218,Real Betis,11,27,La Liga,2015/2016,Spain,male,38,0.0,0.0,0.0,0.0,0.0,0.0,0.0,0.0,0.0,0.0,0.0,0.0,21.74304279403567,0.23591293833131802,0.21789600967351874,0.0,0.0,435.2631578947368,326.13157894736844,10.657894736842104,147.1315789473684,20.44736842105263,51.76315789473684,16.473684210526315,15.710526315789474,26.31578947368421,19.473684210526315,13.0,13.131578947368421
215,Athletic Club,11,27,La Liga,2015/2016,Spain,male,38,0.0,0.0,0.0,0.0,0.0,0.0,0.0,0.0,0.0,0.0,0.0,0.0,22.522135674803913,0.18620275289490934,0.23317675333187676,0.0,0.0,481.7894736842105,345.57894736842104,12.236842105263158,164.28947368421052,17.236842105263158,53.86842105263158,17.42105263157895,15.236842105263158,18.973684210526315,19.894736842105264,14.421052631578947,12.921052631578947
212,Atlético Madrid,11,27,La Liga,2015/2016,Spain,male,38,0.0,0.0,0.0,0.0,0.0,0.0,0.0,0.0,0.0,0.0,0.0,0.0,19.868040147705763,0.25191316570357647,0.18371596647404861,0.0,0.0,505.5,381.44736842105266,12.710526315789474,165.78947368421052,21.86842105263158,53.60526315789474,17.263157894736842,15.526315789473685,21.157894736842106,20.026315789473685,15.421052631578947,12.552631578947368
209,Celta Vigo,11,27,La Liga,2015/2016,Spain,male,38,0.0,0.0,0.0,0.0,0.0,0.0,0.0,0.0,0.0,0.0,0.0,0.0,21.812673929761292,0.1617582844112367,0.20091213429721994,0.0,0.0,542.3947368421053,423.57894736842104,11.736842105263158,154.6315789473684,20.736842105263158,53.44736842105263,18.289473684210527,16.210526315789473,22.657894736842106,18.05263157894737,13.31578947368421,13.421052631578947
210,Real Sociedad,11,27,La Liga,2015/2016,Spain,male,38,0.0,0.0,0.0,0.0,0.0,0.0,0.0,0.0,0.0,0.0,0.0,0.0,21.91978458165519,0.2022417934347478,0.222257806244996,0.0,0.0,493.0263157894737,366.44736842105266,12.263157894736842,152.0,18.473684210526315,50.55263157894737,18.263157894736842,14.31578947368421,21.342105263157894,18.026315789473685,13.368421052631579,12.052631578947368
207,Valencia,11,27,La Liga,2015/2016,Spain,male,38,0.0,0.0,0.0,0.0,0.0,0.0,0.0,0.0,0.0,0.0,0.0,0.0,22.10490542168036,0.1806372821139114,0.22554679693571666,0.0,0.0,474.05263157894734,367.07894736842104,10.789473684210526,172.23684210526315,21.94736842105263,49.13157894736842,17.07894736842105,16.92105263157895,20.94736842105263,19.236842105263158,13.973684210526315,12.342105263157896
1049,Granada,11,27,La Liga,2015/2016,Spain,male,38,0.0,0.0,0.0,0.0,0.0,0.0,0.0,0.0,0.0,0.0,0.0,0.0,23.51947350661635,0.1962425840474621,0.25912986156888596,0.0,0.0,399.2105263157895,293.3157894736842,11.421052631578947,151.23684210526315,18.210526315789473,48.55263157894737,15.342105263157896,17.94736842105263,23.789473684210527,18.842105263157894,15.447368421052632,12.842105263157896
217,Barcelona,11,27,La Liga,2015/2016,Spain,male,38,0.0,0.0,0.0,0.0,0.0,0.0,0.0,0.0,0.0,0.0,0.0,0.0,19.51974361385654,0.20760882249970825,0.1601509316528572,0.0,0.0,676.5,570.3684210526316,15.894736842105264,122.60526315789474,26.710526315789473,48.5,9.105263157894736,11.210526315789474,18.13157894736842,15.473684210526315,11.289473684210526,11.526315789473685
858,Sweden Women's,72,30,Women's World Cup,2019,International,female,7,0.0,0.0,0.0,0.0,0.0,0.0,0.0,0.0,0.0,0.0,0.0,0.0,21.838401248136645,0.14813664596273293,0.20652173913043478,0.0,0.0,460.0,377.42857142857144,15.0,164.42857142857142,17.142857142857142,64.14285714285714,8.285714285714286,12.857142857142858,23.857142857142858,21.571428571428573,13.428571428571429,23.571428571428573
851,Netherlands Women's,72,30,Women's World Cup,2019,International,female,7,0.0,0.0,0.0,0.0,0.0,0.0,0.0,0.0,0.0,0.0,0.0,0.0,21.6884796264195,0.1705989110707804,0.21389681099299973,0.0,0.0,551.0,456.42857142857144,12.285714285714286,168.57142857142858,19.0,61.0,11.0,11.428571428571429,24.857142857142858,22.0,14.571428571428571,17.142857142857142
1203,Brazil Women's,72,30,Women's World Cup,2019,International,female,4,0.0,0.0,0.0,0.0,0.0,0.0,0.0,0.0,0.0,0.0,0.0,0.0,20.192276088097888,0.20634037819799778,0.1896551724137931,0.0,0.0,449.5,363.5,12.75,146.75,23.5,63.75,10.25,16.0,28.25,22.5,17.75,17.75
855,Italy Women's,72,30,Women's World Cup,2019,International,female,5,0.0,0.0,0.0,0.0,0.0,0.0,0.0,0.0,0.0,0.0,0.0,0.0,23.07564197686852,0.14893617021276595,0.24058919803600654,0.0,0.0,366.6,301.2,10.6,167.6,14.4,61.8,8.6,11.6,27.0,19.4,13.4,12.6
1206,Canada Women's,72,30,Women's World Cup,2019,International,female,4,0.0,0.0,0.0,0.0,0.0,0.0,0.0,0.0,0.0,0.0,0.0,0.0,20.722171165783763,0.16977854971775944,0.18106817194963093,0.0,0.0,575.75,496.25,15.25,136.25,23.5,66.5,6.25,8.0,18.75,19.75,17.25,17.25
1208,Cameroon W,72,30,Women's World Cup,2019,International,female,4,0.0,0.0,0.0,0.0,0.0,0.0,0.0,0.0,0.0,0.0,0.0,0.0,23.32701190378422,0.21014492753623187,0.27616747181964574,0.0,0.0,310.5,250.5,10.75,195.75,22.5,73.5,12.0,15.0,34.75,17.5,16.0,14.5
865,England Women's,72,30,Women's World Cup,2019,International,female,7,0.0,0.0,0.0,0.0,0.0,0.0,0.0,0.0,0.0,0.0,0.0,0.0,20.374231042644084,0.16203235591506573,0.17012133468149646,0.0,0.0,565.1428571428571,467.2857142857143,12.714285714285714,153.14285714285714,20.285714285714285,58.142857142857146,6.285714285714286,9.571428571428571,21.714285714285715,17.428571428571427,13.285714285714286,12.0
1212,Jamaica Women's,72,30,Women's World Cup,2019,International,female,3,0.0,0.0,0.0,0.0,0.0,0.0,0.0,0.0,0.0,0.0,0.0,0.0,23.060490899521277,0.1819148936170213,0.24574468085106382,0.0,0.0,313.3333333333333,283.6666666666667,10.0,171.66666666666666,31.0,73.33333333333333,10.333333333333334,8.666666666666666,30.333333333333332,19.333333333333332,19.666666666666668,13.666666666666666
861,France Women's,72,30,Women's World Cup,2019,International,female,5,0.0,0.0,0.0,0.0,0.0,0.0,0.0,0.0,0.0,0.0,0.0,0.0,20.877368751809044,0.19443370699652107,0.19984538074990335,0.0,0.0,517.4,410.8,18.2,138.6,20.8,66.8,9.0,10.0,18.8,18.8,22.2,19.2
1213,Nigeria Women's,72,30,Women's World Cup,2019,International,female,4,0.0,0.0,0.0,0.0,0.0,0.0,0.0,0.0,0.0,0.0,0.0,0.0,25.918991997763865,0.13864042933810375,0.32647584973166366,0.0,0.0,279.5,218.75,8.0,146.25,27.5,51.75,10.0,13.75,26.0,19.0,11.0,6.75
857,Germany Women's,72,30,Women's World Cup,2019,International,female,5,0.0,0.0,0.0,0.0,0.0,0.0,0.0,0.0,0.0,0.0,0.0,0.0,21.71354233268687,0.18181818181818182,0.2096969696969697,0.0,0.0,495.0,431.4,15.4,142.0,20.0,67.2,9.4,9.8,28.6,18.2,14.8,17.2
1205,Australia Women's,72,30,Women's World Cup,2019,International,female,4,0.0,0.0,0.0,0.0,0.0,0.0,0.0,0.0,0.0,0.0,0.0,0.0,20.898476160204336,0.13928273561301086,0.17764804003336113,0.0,0.0,599.5,505.75,14.25,151.75,15.5,60.5,11.0,12.5,26.25,17.75,15.25,16.0
852,Norway Women's,72,30,Women's World Cup,2019,International,female,5,0.0,0.0,0.0,0.0,0.0,0.0,0.0,0.0,0.0,0.0,0.0,0.0,20.238361284528953,0.16421780466724287,0.168971477960242,0.0,0.0,462.8,379.6,13.2,147.4,18.4,52.8,10.8,10.8,37.8,26.2,14.2,15.2
1107,Thailand W,72,30,Women's World Cup,2019,International,female,3,0.0,0.0,0.0,0.0,0.0,0.0,0.0,0.0,0.0,0.0,0.0,0.0,23.65210068210399,0.16444981862152358,0.2962515114873035,0.0,0.0,275.6666666666667,206.0,4.333333333333333,153.33333333333334,10.0,43.0,15.666666666666666,8.0,44.666666666666664,20.0,16.333333333333332,12.333333333333334
1215,New Zealand Women's,72,30,Women's World Cup,2019,International,female,3,0.0,0.0,0.0,0.0,0.0,0.0,0.0,0.0,0.0,0.0,0.0,0.0,23.341466419908677,0.182648401826484,0.26757990867579906,0.0,0.0,365.0,260.3333333333333,5.666666666666667,163.33333333333334,19.0,53.0,6.666666666666667,7.666666666666667,35.666666666666664,21.0,13.0,14.666666666666666
1207,China PR Women's,72,30,Women's World Cup,2019,International,female,4,0.0,0.0,0.0,0.0,0.0,0.0,0.0,0.0,0.0,0.0,0.0,0.0,21.101294638717068,0.1970217640320733,0.21764032073310424,0.0,0.0,436.5,333.75,10.0,163.25,17.25,58.75,10.25,15.25,47.5,24.5,15.0,19.25
863,Spain Women's,72,30,Women's World Cup,2019,International,female,4,0.0,0.0,0.0,0.0,0.0,0.0,0.0,0.0,0.0,0.0,0.0,0.0,21.287440908356416,0.18513388734995384,0.21283471837488457,0.0,0.0,541.5,445.25,18.5,157.0,29.25,70.25,7.0,13.25,21.75,17.75,14.5,13.75
1214,United States Women's,72,30,Women's World Cup,2019,International,female,7,0.0,0.0,0.0,0.0,0.0,0.0,0.0,0.0,0.0,0.0,0.0,0.0,21.86772227103468,0.14098919840818647,0.20437748720864127,0.0,0.0,502.57142857142856,431.57142857142856,18.571428571428573,124.71428571428571,26.714285714285715,65.71428571428571,7.428571428571429,9.0,26.142857142857142,15.714285714285714,12.714285714285714,15.142857142857142
1209,Chile Women's,72,30,Women's World Cup,2019,International,female,3,0.0,0.0,0.0,0.0,0.0,0.0,0.0,0.0,0.0,0.0,0.0,0.0,22.608243507572993,0.1468978102189781,0.23175182481751824,0.0,0.0,365.3333333333333,290.6666666666667,11.333333333333334,199.66666666666666,17.0,65.66666666666667,11.666666666666666,11.0,25.666666666666668,20.666666666666668,19.666666666666668,10.666666666666666
866,Scotland W,72,30,Women's World Cup,2019,International,female,3,0.0,0.0,0.0,0.0,0.0,0.0,0.0,0.0,0.0,0.0,0.0,0.0,21.276095647509578,0.16628352490421455,0.19846743295019156,0.0,0.0,435.0,378.0,10.666666666666666,149.0,17.666666666666668,59.0,7.666666666666667,10.333333333333334,20.333333333333332,16.0,17.333333333333332,16.333333333333332
1210,Japan Women's,72,30,Women's World Cup,2019,International,female,4,0.0,0.0,0.0,0.0,0.0,0.0,0.0,0.0,0.0,0.0,0.0,0.0,19.01980100909492,0.18189845474613686,0.13333333333333333,0.0,0.0,566.25,480.25,13.5,168.5,22.5,50.75,9.5,8.75,27.25,24.5,14.25,18.25
1204,Argentina Women's,72,30,Women's World Cup,2019,International,female,3,0.0,0.0,0.0,0.0,0.0,0.0,0.0,0.0,0.0,0.0,0.0,0.0,21.10333674370861,0.24613686534216336,0.22185430463576158,0.0,0.0,302.0,236.33333333333334,6.0,215.33333333333334,17.666666666666668,64.33333333333333,11.333333333333334,11.0,36.666666666666664,21.333333333333332,17.666666666666668,15.666666666666666
1211,Korea Republic Women's,72,30,Women's World Cup,2019,International,female,3,0.0,0.0,0.0,0.0,0.0,0.0,0.0,0.0,0.0,0.0,0.0,0.0,21.3615450480529,0.15135929463629685,0.19838354151359294,0.0,0.0,453.6666666666667,383.3333333333333,14.666666666666666,159.33333333333334,14.666666666666666,62.666666666666664,6.333333333333333,11.666666666666666,28.0,15.333333333333334,14.333333333333334,12.0
1216,South Africa Women's,72,30,Women's World Cup,2019,International,female,3,0.0,0.0,0.0,0.0,0.0,0.0,0.0,0.0,0.0,0.0,0.0,0.0,22.95175804588015,0.1760299625468165,0.25842696629213485,0.0,0.0,356.0,275.3333333333333,5.666666666666667,186.33333333333334,23.333333333333332,64.0,10.0,10.333333333333334,46.333333333333336,21.666666666666668,16.666666666666668,10.333333333333334
2391,Morocco Women's,72,107,Women's World Cup,2023,International,female,4,0.0,0.0,0.0,0.0,0.0,0.0,0.0,0.0,0.0,0.0,0.0,0.0,21.226159967201646,0.27901234567901234,0.2411522633744856,0.0,0.0,303.75,226.5,6.25,250.0,25.5,62.0,15.0,13.5,23.5,26.25,18.5,12.75
16802,Colombia Women's,72,107,Women's World Cup,2023,International,female,5,0.0,0.0,0.0,0.0,0.0,0.0,0.0,0.0,0.0,0.0,0.0,0.0,20.63708238652792,0.2598984771573604,0.21573604060913706,0.0,0.0,394.0,333.4,12.6,215.6,20.8,77.0,10.6,11.0,27.4,25.6,18.6,23.0
851,Netherlands Women's,72,107,Women's World Cup,2023,International,female,5,0.0,0.0,0.0,0.0,0.0,0.0,0.0,0.0,0.0,0.0,0.0,0.0,21.29165448104778,0.19795221843003413,0.2136518771331058,0.0,0.0,586.0,469.4,15.8,213.2,16.0,68.0,12.6,13.8,29.6,26.4,19.8,20.8
1214,United States Women's,72,107,Women's World Cup,2023,International,female,4,0.0,0.0,0.0,0.0,0.0,0.0,0.0,0.0,0.0,0.0,0.0,0.0,20.90119367125382,0.18297655453618755,0.20081549439347604,0.0,0.0,490.5,398.5,23.25,187.75,21.25,81.75,11.0,13.5,25.75,23.75,18.5,17.5
857,Germany Women's,72,107,Women's World Cup,2023,International,female,3,0.0,0.0,0.0,0.0,0.0,0.0,0.0,0.0,0.0,0.0,0.0,0.0,19.297323328902316,0.1772406847935549,0.14350453172205438,0.0,0.0,662.0,552.3333333333334,14.0,153.66666666666666,25.0,62.666666666666664,9.666666666666666,11.0,19.666666666666668,18.0,19.333333333333332,16.0
853,Denmark Women's,72,107,Women's World Cup,2023,International,female,4,0.0,0.0,0.0,0.0,0.0,0.0,0.0,0.0,0.0,0.0,0.0,0.0,21.498830657601264,0.16149395055234086,0.19516044187269857,0.0,0.0,475.25,351.0,10.25,175.75,13.5,60.0,7.25,11.5,28.25,27.0,13.5,14.75
1207,China PR Women's,72,107,Women's World Cup,2023,International,female,3,0.0,0.0,0.0,0.0,0.0,0.0,0.0,0.0,0.0,0.0,0.0,0.0,19.32370484676871,0.2568027210884354,0.17687074829931973,0.0,0.0,392.0,308.0,7.666666666666667,184.0,15.666666666666666,64.33333333333333,12.333333333333334,8.333333333333334,39.333333333333336,24.333333333333332,23.333333333333332,15.666666666666666
2355,Haiti Women's,72,107,Women's World Cup,2023,International,female,3,0.0,0.0,0.0,0.0,0.0,0.0,0.0,0.0,0.0,0.0,0.0,0.0,22.76646440802775,0.17542120911793854,0.24182358771060455,0.0,0.0,336.3333333333333,250.0,7.666666666666667,161.33333333333334,16.333333333333332,73.66666666666667,11.0,6.333333333333333,21.0,18.666666666666668,18.666666666666668,17.666666666666668
861,France Women's,72,107,Women's World Cup,2023,International,female,5,0.0,0.0,0.0,0.0,0.0,0.0,0.0,0.0,0.0,0.0,0.0,0.0,20.665751814367404,0.19513938527519656,0.2015725518227305,0.0,0.0,559.6,452.6,21.4,161.0,21.2,77.4,11.8,14.2,21.8,24.8,19.8,16.0
1212,Jamaica Women's,72,107,Women's World Cup,2023,International,female,4,0.0,0.0,0.0,0.0,0.0,0.0,0.0,0.0,0.0,0.0,0.0,0.0,22.387082262125986,0.2220472440944882,0.23307086614173228,0.0,0.0,317.5,222.5,9.0,215.0,18.25,59.5,12.5,11.25,34.5,25.0,16.75,14.5
1203,Brazil Women's,72,107,Women's World Cup,2023,International,female,3,0.0,0.0,0.0,0.0,0.0,0.0,0.0,0.0,0.0,0.0,0.0,0.0,19.621488865064105,0.21853146853146854,0.17074592074592074,0.0,0.0,572.0,452.0,20.666666666666668,149.0,22.0,72.33333333333333,7.666666666666667,7.333333333333333,21.0,24.333333333333332,21.333333333333332,18.0
16803,Panama Women's,72,107,Women's World Cup,2023,International,female,3,0.0,0.0,0.0,0.0,0.0,0.0,0.0,0.0,0.0,0.0,0.0,0.0,22.76859300510783,0.188422247446084,0.26106696935300794,0.0,0.0,293.6666666666667,214.33333333333334,8.333333333333334,200.33333333333334,16.666666666666668,68.66666666666667,11.333333333333334,11.0,31.666666666666668,26.666666666666668,20.666666666666668,12.333333333333334
1210,Japan Women's,72,107,Women's World Cup,2023,International,female,5,0.0,0.0,0.0,0.0,0.0,0.0,0.0,0.0,0.0,0.0,0.0,0.0,20.498141832074783,0.1627565982404692,0.16972140762463342,0.0,0.0,545.6,436.6,16.6,174.6,10.4,56.2,13.4,6.4,21.0,20.4,14.8,11.0
1832,Costa Rica Women's,72,107,Women's World Cup,2023,International,female,3,0.0,0.0,0.0,0.0,0.0,0.0,0.0,0.0,0.0,0.0,0.0,0.0,22.563043507403936,0.16494845360824742,0.22586691658856609,0.0,0.0,355.6666666666667,259.0,7.666666666666667,206.66666666666666,10.0,57.333333333333336,12.0,13.0,40.0,28.333333333333332,20.0,8.666666666666666
852,Norway Women's,72,107,Women's World Cup,2023,International,female,4,0.0,0.0,0.0,0.0,0.0,0.0,0.0,0.0,0.0,0.0,0.0,0.0,20.622291499951597,0.15827686350435624,0.17231364956437561,0.0,0.0,516.5,378.25,16.75,166.0,12.25,59.0,8.5,11.0,31.0,20.75,15.25,11.5
1211,Korea Republic Women's,72,107,Women's World Cup,2023,International,female,3,0.0,0.0,0.0,0.0,0.0,0.0,0.0,0.0,0.0,0.0,0.0,0.0,21.88899098038321,0.23266423357664234,0.2427007299270073,0.0,0.0,365.3333333333333,257.3333333333333,9.0,206.0,12.0,60.666666666666664,12.333333333333334,12.0,20.666666666666668,23.666666666666668,21.0,19.0
1213,Nigeria Women's,72,107,Women's World Cup,2023,International,female,4,0.0,0.0,0.0,0.0,0.0,0.0,0.0,0.0,0.0,0.0,0.0,0.0,23.366844818832522,0.17164697706740792,0.26129256428075054,0.0,0.0,359.75,283.75,13.75,202.0,18.0,65.5,12.0,12.75,23.25,26.5,21.25,11.75
16768,Republic of Ireland Women's,72,107,Women's World Cup,2023,International,female,3,0.0,0.0,0.0,0.0,0.0,0.0,0.0,0.0,0.0,0.0,0.0,0.0,21.757177055052544,0.18350848827809216,0.22958771220695232,0.0,0.0,412.3333333333333,297.6666666666667,9.333333333333334,225.0,13.666666666666666,58.0,8.333333333333334,10.333333333333334,13.666666666666666,17.333333333333332,19.666666666666668,13.666666666666666
16769,Vietnam Women's,72,107,Women's World Cup,2023,International,female,3,0.0,0.0,0.0,0.0,0.0,0.0,0.0,0.0,0.0,0.0,0.0,0.0,21.278020757912454,0.21212121212121213,0.24579124579124578,0.0,0.0,297.0,191.66666666666666,3.3333333333333335,238.66666666666666,7.666666666666667,46.333333333333336,12.333333333333334,11.333333333333334,32.666666666666664,26.333333333333332,16.666666666666668,11.333333333333334
1204,Argentina Women's,72,107,Women's World Cup,2023,International,female,3,0.0,0.0,0.0,0.0,0.0,0.0,0.0,0.0,0.0,0.0,0.0,0.0,18.768809363998454,0.2745552977571539,0.16395978344934262,0.0,0.0,431.0,320.6666666666667,8.0,175.33333333333334,18.0,57.0,11.0,12.333333333333334,23.333333333333332,22.333333333333332,20.333333333333332,16.666666666666668
855,Italy Women's,72,107,Women's World Cup,2023,International,female,3,0.0,0.0,0.0,0.0,0.0,0.0,0.0,0.0,0.0,0.0,0.0,0.0,20.425957828326474,0.18655692729766804,0.19272976680384088,0.0,0.0,486.0,403.6666666666667,13.666666666666666,207.33333333333334,18.666666666666668,67.0,13.666666666666666,10.0,19.0,27.0,24.0,17.666666666666668
858,Sweden Women's,72,107,Women's World Cup,2023,International,female,7,0.0,0.0,0.0,0.0,0.0,0.0,0.0,0.0,0.0,0.0,0.0,0.0,20.619134592395678,0.20309308433031806,0.18529325941056318,0.0,0.0,489.57142857142856,380.7142857142857,13.142857142857142,202.28571428571428,14.857142857142858,64.28571428571429,9.857142857142858,15.285714285714286,24.714285714285715,23.0,16.142857142857142,16.0
1205,Australia Women's,72,107,Women's World Cup,2023,International,female,7,0.0,0.0,0.0,0.0,0.0,0.0,0.0,0.0,0.0,0.0,0.0,0.0,21.77487899642742,0.16897328612809784,0.20502092050209206,0.0,0.0,443.85714285714283,343.7142857142857,16.0,133.71428571428572,16.714285714285715,68.0,8.571428571428571,8.571428571428571,29.0,22.285714285714285,16.285714285714285,16.714285714285715
6045,Zambia W,72,107,Women's World Cup,2023,International,female,3,0.0,0.0,0.0,0.0,0.0,0.0,0.0,0.0,0.0,0.0,0.0,0.0,21.454313634118755,0.19321394910461828,0.21866163996229973,0.0,0.0,353.6666666666667,277.0,8.333333333333334,251.66666666666666,17.666666666666668,73.66666666666667,13.333333333333334,12.666666666666666,23.333333333333332,22.333333333333332,24.666666666666668,14.0
864,Portugal Women's,72,107,Women's World Cup,2023,International,female,3,0.0,0.0,0.0,0.0,0.0,0.0,0.0,0.0,0.0,0.0,0.0,0.0,19.31252245285815,0.22794636556104447,0.1651376146788991,0.0,0.0,472.3333333333333,381.0,12.333333333333334,176.0,25.333333333333332,63.333333333333336,11.333333333333334,13.666666666666666,14.0,25.0,21.333333333333332,19.0
1206,Canada Women's,72,107,Women's World Cup,2023,International,female,3,0.0,0.0,0.0,0.0,0.0,0.0,0.0,0.0,0.0,0.0,0.0,0.0,21.15737806304215,0.16188149053145998,0.18998167379352474,0.0,0.0,545.6666666666666,430.6666666666667,14.666666666666666,149.33333333333334,21.0,69.0,10.0,5.666666666666667,21.333333333333332,25.333333333333332,17.0,12.666666666666666
1216,South Africa Women's,72,107,Women's World Cup,2023,International,female,4,0.0,0.0,0.0,0.0,0.0,0.0,0.0,0.0,0.0,0.0,0.0,0.0,23.327716841231254,0.21783741120757696,0.2967640094711918,0.0,0.0,316.75,235.0,12.25,246.0,18.0,72.75,11.75,11.75,29.75,23.75,18.75,13.0
865,England Women's,72,107,Women's World Cup,2023,International,female,7,0.0,0.0,0.0,0.0,0.0,0.0,0.0,0.0,0.0,0.0,0.0,0.0,20.17746744319415,0.18235432885114414,0.16442557206888417,0.0,0.0,605.5714285714286,482.42857142857144,14.142857142857142,179.71428571428572,16.0,59.42857142857143,8.857142857142858,12.142857142857142,27.142857142857142,22.285714285714285,16.428571428571427,15.714285714285714
863,Spain Women's,72,107,Women's World Cup,2023,International,female,7,0.0,0.0,0.0,0.0,0.0,0.0,0.0,0.0,0.0,0.0,0.0,0.0,18.52283826883721,0.23195146612740142,0.1474216380182002,0.0,0.0,706.4285714285714,598.8571428571429,22.714285714285715,171.57142857142858,23.142857142857142,79.57142857142857,9.571428571428571,10.285714285714286,21.0,22.142857142857142,23.428571428571427,19.285714285714285
860,Switzerland Women's,72,107,Women's World Cup,2023,International,female,4,0.0,0.0,0.0,0.0,0.0,0.0,0.0,0.0,0.0,0.0,0.0,0.0,20.215904331567266,0.18122977346278318,0.18261673601479428,0.0,0.0,540.75,435.5,7.75,165.75,11.75,59.5,12.75,11.5,24.75,23.5,17.0,14.25
1215,New Zealand Women's,72,107,Women's World Cup,2023,International,female,3,0.0,0.0,0.0,0.0,0.0,0.0,0.0,0.0,0.0,0.0,0.0,0.0,21.222339210321334,0.18958868894601544,0.2191516709511568,0.0,0.0,518.6666666666666,395.3333333333333,14.0,192.0,11.333333333333334,79.0,8.333333333333334,7.666666666666667,20.333333333333332,25.0,22.666666666666668,15.333333333333334
1106,Philippines Women's,72,107,Women's World Cup,2023,International,female,3,0.0,0.0,0.0,0.0,0.0,0.0,0.0,0.0,0.0,0.0,0.0,0.0,24.50107587293578,0.17087155963302753,0.27408256880733944,0.0,0.0,290.6666666666667,192.0,3.6666666666666665,249.33333333333334,6.333333333333333,58.0,11.333333333333334,7.666666666666667,34.333333333333336,23.0,15.333333333333334,11.333333333333334
133,Troyes,7,27,Ligue 1,2015/2016,France,male,37,0.0,0.0,0.0,0.0,0.0,0.0,0.0,0.0,0.0,0.0,0.0,0.0,21.89662285836422,0.19877952310995592,0.2223980110746977,0.0,0.0,478.3243243243243,368.94594594594594,11.675675675675675,179.94594594594594,15.054054054054054,55.91891891891892,11.783783783783784,13.702702702702704,25.16216216216216,20.83783783783784,14.45945945945946,12.216216216216216
147,Olympique de Marseille,7,27,Ligue 1,2015/2016,France,male,38,0.0,0.0,0.0,0.0,0.0,0.0,0.0,0.0,0.0,0.0,0.0,0.0,20.713801915466266,0.1982046507186172,0.18402330134173708,0.0,0.0,551.1315789473684,450.7631578947368,12.763157894736842,171.1315789473684,21.94736842105263,60.63157894736842,10.81578947368421,15.026315789473685,19.68421052631579,18.105263157894736,17.263157894736842,16.31578947368421
140,Stade Malherbe Caen,7,27,Ligue 1,2015/2016,France,male,38,0.0,0.0,0.0,0.0,0.0,0.0,0.0,0.0,0.0,0.0,0.0,0.0,23.24434794449518,0.18156066635192555,0.24927497133607607,0.0,0.0,390.1842105263158,271.9736842105263,12.657894736842104,182.57894736842104,14.394736842105264,58.05263157894737,12.710526315789474,13.578947368421053,27.44736842105263,22.92105263157895,16.763157894736842,13.631578947368421
129,AS Monaco,7,27,Ligue 1,2015/2016,France,male,38,0.0,0.0,0.0,0.0,0.0,0.0,0.0,0.0,0.0,0.0,0.0,0.0,22.034567587835507,0.17703376070768714,0.21269805721964055,0.0,0.0,470.0263157894737,349.6578947368421,11.263157894736842,175.68421052631578,16.473684210526315,51.921052631578945,10.763157894736842,15.605263157894736,22.342105263157894,22.07894736842105,15.394736842105264,15.289473684210526
146,Bordeaux,7,27,Ligue 1,2015/2016,France,male,37,0.0,0.0,0.0,0.0,0.0,0.0,0.0,0.0,0.0,0.0,0.0,0.0,21.504028827060523,0.19489166621186488,0.2065709763684986,0.0,0.0,495.2162162162162,379.4054054054054,11.621621621621621,176.54054054054055,17.972972972972972,56.4054054054054,11.945945945945946,14.135135135135135,24.405405405405407,19.135135135135137,16.972972972972972,14.864864864864865
131,Paris Saint-Germain,7,27,Ligue 1,2015/2016,France,male,37,0.0,0.0,0.0,0.0,0.0,0.0,0.0,0.0,0.0,0.0,0.0,0.0,18.843268554966595,0.21078914052609368,0.14411309607539738,0.0,0.0,768.5405405405405,614.918918918919,14.972972972972974,148.27027027027026,15.45945945945946,49.270270270270274,10.945945945945946,11.54054054054054,16.16216216216216,17.35135135135135,13.972972972972974,12.837837837837839
165,Lorient,7,27,Ligue 1,2015/2016,France,male,38,0.0,0.0,0.0,0.0,0.0,0.0,0.0,0.0,0.0,0.0,0.0,0.0,21.62326388179265,0.19053057834077458,0.20703976741771363,0.0,0.0,506.89473684210526,391.2894736842105,11.078947368421053,173.1578947368421,18.710526315789473,55.94736842105263,12.18421052631579,13.710526315789474,22.342105263157894,17.342105263157894,17.710526315789473,15.868421052631579
156,Stade de Reims,7,27,Ligue 1,2015/2016,France,male,38,0.0,0.0,0.0,0.0,0.0,0.0,0.0,0.0,0.0,0.0,0.0,0.0,22.039318249443806,0.18998612395929695,0.22161193339500462,0.0,0.0,455.1578947368421,341.0,11.578947368421053,170.21052631578948,15.526315789473685,57.55263157894737,11.842105263157896,15.31578947368421,24.736842105263158,20.842105263157894,17.605263157894736,14.368421052631579
135,Saint-Étienne,7,27,Ligue 1,2015/2016,France,male,37,0.0,0.0,0.0,0.0,0.0,0.0,0.0,0.0,0.0,0.0,0.0,0.0,21.811986204789957,0.19414225941422594,0.21550906555090654,0.0,0.0,484.4594594594595,345.6216216216216,11.783783783783784,174.35135135135135,12.81081081081081,55.67567567567568,9.72972972972973,16.81081081081081,26.0,20.56756756756757,15.513513513513514,13.45945945945946
136,OGC Nice,7,27,Ligue 1,2015/2016,France,male,38,0.0,0.0,0.0,0.0,0.0,0.0,0.0,0.0,0.0,0.0,0.0,0.0,19.86920444701051,0.20938381334928638,0.16780617041278523,0.0,0.0,615.8421052631579,491.39473684210526,10.526315789473685,168.73684210526315,18.94736842105263,51.76315789473684,11.052631578947368,13.026315789473685,21.789473684210527,17.86842105263158,15.947368421052632,14.052631578947368
130,Toulouse,7,27,Ligue 1,2015/2016,France,male,38,0.0,0.0,0.0,0.0,0.0,0.0,0.0,0.0,0.0,0.0,0.0,0.0,21.249521434935314,0.21169577072576434,0.20113708882056042,0.0,0.0,453.60526315789474,338.7894736842105,11.5,187.42105263157896,17.657894736842106,61.6578947368421,11.131578947368421,15.68421052631579,25.0,19.105263157894736,17.31578947368421,15.842105263157896
2736,Bastia,7,27,Ligue 1,2015/2016,France,male,37,0.0,0.0,0.0,0.0,0.0,0.0,0.0,0.0,0.0,0.0,0.0,0.0,23.54836926044698,0.16795665634674922,0.2531604747162023,0.0,0.0,419.02702702702703,294.0,8.837837837837839,173.21621621621622,14.675675675675675,50.67567567567568,11.162162162162161,16.135135135135137,25.62162162162162,20.10810810810811,13.594594594594595,12.54054054054054
142,Guingamp,7,27,Ligue 1,2015/2016,France,male,38,0.0,0.0,0.0,0.0,0.0,0.0,0.0,0.0,0.0,0.0,0.0,0.0,22.903015451190647,0.1974151208732338,0.23920176789660483,0.0,0.0,392.9736842105263,277.86842105263156,10.447368421052632,166.68421052631578,14.368421052631579,52.31578947368421,10.789473684210526,14.868421052631579,23.18421052631579,18.842105263157894,14.631578947368421,14.026315789473685
134,Rennes,7,27,Ligue 1,2015/2016,France,male,38,0.0,0.0,0.0,0.0,0.0,0.0,0.0,0.0,0.0,0.0,0.0,0.0,21.262999604971732,0.19824679703304113,0.1994398049691374,0.0,0.0,507.3421052631579,391.6842105263158,11.210526315789474,168.55263157894737,18.763157894736842,54.026315789473685,11.526315789473685,13.68421052631579,22.236842105263158,20.13157894736842,15.552631578947368,15.210526315789474
160,Gazélec Ajaccio,7,27,Ligue 1,2015/2016,France,male,37,0.0,0.0,0.0,0.0,0.0,0.0,0.0,0.0,0.0,0.0,0.0,0.0,23.983299277651785,0.1587679134209431,0.26039127073794377,0.0,0.0,454.5135135135135,326.7567567567568,11.594594594594595,180.8918918918919,10.621621621621621,59.08108108108108,12.64864864864865,17.0,25.81081081081081,18.35135135135135,16.972972972972972,11.837837837837839
137,Lyon,7,27,Ligue 1,2015/2016,France,male,38,0.0,0.0,0.0,0.0,0.0,0.0,0.0,0.0,0.0,0.0,0.0,0.0,20.37114062222895,0.18785692816351068,0.17570526858173385,0.0,0.0,612.8684210526316,486.0263157894737,14.736842105263158,161.60526315789474,17.0,55.86842105263158,9.105263157894736,14.131578947368421,17.710526315789473,15.947368421052632,17.263157894736842,14.947368421052632
144,Nantes,7,27,Ligue 1,2015/2016,France,male,38,0.0,0.0,0.0,0.0,0.0,0.0,0.0,0.0,0.0,0.0,0.0,0.0,22.295252546915293,0.1952891739466991,0.23465664049541082,0.0,0.0,475.94736842105266,346.44736842105266,11.578947368421053,180.23684210526315,14.157894736842104,57.473684210526315,10.842105263157896,17.289473684210527,24.473684210526315,19.236842105263158,15.289473684210526,13.368421052631579
145,Angers,7,27,Ligue 1,2015/2016,France,male,38,0.0,0.0,0.0,0.0,0.0,0.0,0.0,0.0,0.0,0.0,0.0,0.0,22.121390846609547,0.18813340703887968,0.2195811068116209,0.0,0.0,428.44736842105266,315.2894736842105,10.763157894736842,191.18421052631578,14.736842105263158,53.1578947368421,11.473684210526315,15.18421052631579,24.763157894736842,20.842105263157894,16.526315789473685,13.789473684210526
139,Montpellier,7,27,Ligue 1,2015/2016,France,male,38,0.0,0.0,0.0,0.0,0.0,0.0,0.0,0.0,0.0,0.0,0.0,0.0,21.667233757657563,0.20805046239375635,0.2181536323301438,0.0,0.0,492.2894736842105,375.05263157894734,10.342105263157896,174.57894736842104,18.63157894736842,58.13157894736842,12.342105263157896,14.368421052631579,20.736842105263158,19.86842105263158,16.973684210526315,16.026315789473685
143,Lille,7,27,Ligue 1,2015/2016,France,male,38,0.0,0.0,0.0,0.0,0.0,0.0,0.0,0.0,0.0,0.0,0.0,0.0,21.201150986887995,0.1984227651243589,0.20195224176915016,0.0,0.0,477.1842105263158,358.5263157894737,12.868421052631579,162.55263157894737,19.5,55.526315789473685,11.605263157894736,16.473684210526315,21.236842105263158,20.07894736842105,17.68421052631579,15.31578947368421
1,Arsenal,2,27,Premier League,2015/2016,England,male,38,0.0,0.0,0.0,0.0,0.0,0.0,0.0,0.0,0.0,0.0,0.0,0.0,19.903645537024968,0.21498084459905764,0.16486855431767142,0.0,0.0,597.6052631578947,475.2105263157895,15.342105263157896,137.55263157894737,21.236842105263158,54.39473684210526,11.763157894736842,10.631578947368421,24.92105263157895,18.710526315789473,15.657894736842104,14.342105263157896
33,Chelsea,2,27,Premier League,2015/2016,England,male,38,0.0,0.0,0.0,0.0,0.0,0.0,0.0,0.0,0.0,0.0,0.0,0.0,20.33262837733302,0.2190834312573443,0.17974148061104583,0.0,0.0,559.8684210526316,425.2894736842105,14.078947368421053,152.94736842105263,19.973684210526315,52.81578947368421,10.710526315789474,12.342105263157896,25.263157894736842,19.81578947368421,13.31578947368421,14.342105263157896
59,Aston Villa,2,27,Premier League,2015/2016,England,male,38,0.0,0.0,0.0,0.0,0.0,0.0,0.0,0.0,0.0,0.0,0.0,0.0,22.063299894919037,0.18942218080149115,0.22163327120223672,0.0,0.0,451.7894736842105,344.1842105263158,10.31578947368421,164.07894736842104,20.342105263157894,52.71052631578947,10.947368421052632,13.131578947368421,28.763157894736842,20.342105263157894,14.894736842105264,13.0
36,Manchester City,2,27,Premier League,2015/2016,England,male,38,0.0,0.0,0.0,0.0,0.0,0.0,0.0,0.0,0.0,0.0,0.0,0.0,19.80479705601746,0.21414503133393017,0.16257833482542525,0.0,0.0,587.8947368421053,470.57894736842104,16.157894736842106,142.18421052631578,19.026315789473685,55.71052631578947,13.131578947368421,12.68421052631579,26.55263157894737,16.263157894736842,14.078947368421053,15.263157894736842
26,Swansea City,2,27,Premier League,2015/2016,England,male,38,0.0,0.0,0.0,0.0,0.0,0.0,0.0,0.0,0.0,0.0,0.0,0.0,21.46155453674549,0.18357246413038045,0.2036694495825626,0.0,0.0,526.3947368421053,403.8421052631579,11.789473684210526,149.3421052631579,16.63157894736842,47.921052631578945,12.026315789473685,12.18421052631579,28.81578947368421,20.394736842105264,13.578947368421053,13.447368421052632
41,Sunderland,2,27,Premier League,2015/2016,England,male,38,0.0,0.0,0.0,0.0,0.0,0.0,0.0,0.0,0.0,0.0,0.0,0.0,24.54989158247576,0.17921738532425555,0.2745340760607936,0.0,0.0,382.6578947368421,268.1578947368421,11.868421052631579,157.92105263157896,14.289473684210526,51.26315789473684,12.526315789473685,12.473684210526315,30.157894736842106,20.0,12.605263157894736,11.947368421052632
24,Liverpool,2,27,Premier League,2015/2016,England,male,38,0.0,0.0,0.0,0.0,0.0,0.0,0.0,0.0,0.0,0.0,0.0,0.0,20.73416622900438,0.18598583674990682,0.18365635482668655,0.0,0.0,564.8421052631579,431.05263157894734,16.710526315789473,172.10526315789474,19.026315789473685,56.86842105263158,11.868421052631579,12.736842105263158,28.657894736842106,19.842105263157894,15.263157894736842,16.13157894736842
25,Southampton,2,27,Premier League,2015/2016,England,male,38,0.0,0.0,0.0,0.0,0.0,0.0,0.0,0.0,0.0,0.0,0.0,0.0,22.447692527400392,0.19144206724090024,0.2315643234231731,0.0,0.0,473.55263157894734,344.6578947368421,13.868421052631579,150.47368421052633,14.131578947368421,52.63157894736842,11.947368421052632,13.157894736842104,30.157894736842106,19.736842105263158,13.342105263157896,12.578947368421053
28,AFC Bournemouth,2,27,Premier League,2015/2016,England,male,38,0.0,0.0,0.0,0.0,0.0,0.0,0.0,0.0,0.0,0.0,0.0,0.0,21.436599754460477,0.19159022982582707,0.2078223229928888,0.0,0.0,510.6842105263158,383.89473684210526,12.578947368421053,163.42105263157896,19.605263157894736,53.10526315789474,10.605263157894736,11.026315789473685,25.31578947368421,17.789473684210527,16.105263157894736,15.052631578947368
22,Leicester City,2,27,Premier League,2015/2016,England,male,38,0.0,0.0,0.0,0.0,0.0,0.0,0.0,0.0,0.0,0.0,0.0,0.0,23.414767242671438,0.2294441131650434,0.2534287418008348,0.0,0.0,397.1842105263158,274.2368421052632,13.81578947368421,163.97368421052633,19.07894736842105,54.89473684210526,13.078947368421053,12.026315789473685,32.81578947368421,25.289473684210527,13.552631578947368,12.68421052631579
27,West Bromwich Albion,2,27,Premier League,2015/2016,England,male,38,0.0,0.0,0.0,0.0,0.0,0.0,0.0,0.0,0.0,0.0,0.0,0.0,24.690917049114596,0.16913606756853483,0.2773602462243218,0.0,0.0,367.6578947368421,252.6578947368421,10.421052631578947,150.07894736842104,14.18421052631579,52.578947368421055,10.31578947368421,12.210526315789474,33.5,21.657894736842106,13.947368421052632,12.105263157894736
37,Newcastle United,2,27,Premier League,2015/2016,England,male,38,0.0,0.0,0.0,0.0,0.0,0.0,0.0,0.0,0.0,0.0,0.0,0.0,22.16785744235252,0.21221501279838087,0.22864456217632,0.0,0.0,442.07894736842104,326.07894736842104,10.631578947368421,160.6578947368421,20.473684210526315,53.1578947368421,13.368421052631579,13.026315789473685,31.13157894736842,20.605263157894736,15.105263157894736,14.947368421052632
29,Everton,2,27,Premier League,2015/2016,England,male,38,0.0,0.0,0.0,0.0,0.0,0.0,0.0,0.0,0.0,0.0,0.0,0.0,21.808340351526574,0.17752164284276223,0.207116972015301,0.0,0.0,522.8421052631579,413.7894736842105,13.105263157894736,144.73684210526315,18.57894736842105,56.89473684210526,11.18421052631579,10.105263157894736,26.05263157894737,19.473684210526315,13.447368421052632,13.289473684210526
23,Watford,2,27,Premier League,2015/2016,England,male,38,0.0,0.0,0.0,0.0,0.0,0.0,0.0,0.0,0.0,0.0,0.0,0.0,22.768315192143987,0.2135435765798802,0.24067962351790734,0.0,0.0,430.57894736842104,297.0263157894737,11.842105263157896,148.94736842105263,15.157894736842104,54.421052631578945,10.789473684210526,13.868421052631579,29.789473684210527,20.18421052631579,14.289473684210526,13.394736842105264
31,Crystal Palace,2,27,Premier League,2015/2016,England,male,38,0.0,0.0,0.0,0.0,0.0,0.0,0.0,0.0,0.0,0.0,0.0,0.0,23.758666296180415,0.20046811740890688,0.2561361336032389,0.0,0.0,416.0,304.7894736842105,12.552631578947368,152.26315789473685,19.394736842105264,56.60526315789474,13.078947368421053,14.552631578947368,28.763157894736842,18.157894736842106,15.078947368421053,15.078947368421053
38,Tottenham Hotspur,2,27,Premier League,2015/2016,England,male,38,0.0,0.0,0.0,0.0,0.0,0.0,0.0,0.0,0.0,0.0,0.0,0.0,22.004632185802947,0.17319627618308767,0.21281031807602793,0.0,0.0,542.7368421052631,419.10526315789474,17.263157894736842,158.44736842105263,19.42105263157895,55.89473684210526,10.68421052631579,13.157894736842104,26.842105263157894,20.57894736842105,15.052631578947368,15.421052631578947
56,Norwich City,2,27,Premier League,2015/2016,England,male,38,0.0,0.0,0.0,0.0,0.0,0.0,0.0,0.0,0.0,0.0,0.0,0.0,22.603342074281166,0.21180638962286813,0.2373889022339659,0.0,0.0,438.2105263157895,309.86842105263156,11.157894736842104,139.44736842105263,15.342105263157896,51.76315789473684,10.0,12.657894736842104,31.394736842105264,18.42105263157895,12.368421052631579,12.789473684210526
39,Manchester United,2,27,Premier League,2015/2016,England,male,38,0.0,0.0,0.0,0.0,0.0,0.0,0.0,0.0,0.0,0.0,0.0,0.0,21.230755222562813,0.19045226130653267,0.2015075376884422,0.0,0.0,576.0526315789474,448.7368421052632,11.342105263157896,148.8421052631579,17.289473684210527,52.28947368421053,12.447368421052632,14.052631578947368,24.763157894736842,16.342105263157894,14.105263157894736,15.973684210526315
30,Stoke City,2,27,Premier League,2015/2016,England,male,38,0.0,0.0,0.0,0.0,0.0,0.0,0.0,0.0,0.0,0.0,0.0,0.0,22.947027514507216,0.16668531155610247,0.22664727598165343,0.0,0.0,470.4736842105263,359.6578947368421,11.18421052631579,147.1315789473684,19.236842105263158,55.28947368421053,12.736842105263158,12.631578947368421,25.605263157894736,17.973684210526315,13.842105263157896,10.68421052631579
40,West Ham United,2,27,Premier League,2015/2016,England,male,38,0.0,0.0,0.0,0.0,0.0,0.0,0.0,0.0,0.0,0.0,0.0,0.0,22.595979951241876,0.19477732069397247,0.23353007810171109,0.0,0.0,441.39473684210526,335.3157894736842,14.710526315789474,132.3421052631579,18.657894736842106,56.23684210526316,11.526315789473685,11.657894736842104,30.342105263157894,18.92105263157895,14.210526315789474,14.368421052631579
226,Hellas Verona,12,27,Serie A,2015/2016,Italy,male,38,0.0,0.0,0.0,0.0,0.0,0.0,0.0,0.0,0.0,0.0,0.0,0.0,22.884490796849427,0.18905897420259804,0.24370311642373604,0.0,0.0,431.5,306.9736842105263,12.342105263157896,176.55263157894737,13.131578947368421,54.921052631578945,9.157894736842104,17.842105263157894,22.342105263157894,20.68421052631579,13.236842105263158,11.868421052631579
240,Bologna,12,27,Serie A,2015/2016,Italy,male,38,0.0,0.0,0.0,0.0,0.0,0.0,0.0,0.0,0.0,0.0,0.0,0.0,21.762145479241784,0.18699556667045583,0.2164942594066159,0.0,0.0,463.0,347.5263157894737,10.394736842105264,182.97368421052633,15.81578947368421,55.078947368421055,11.657894736842104,15.394736842105264,27.157894736842106,21.05263157894737,15.526315789473685,13.736842105263158
236,Lazio,12,27,Serie A,2015/2016,Italy,male,38,0.0,0.0,0.0,0.0,0.0,0.0,0.0,0.0,0.0,0.0,0.0,0.0,21.137212525008437,0.18997518610421837,0.20471464019851116,0.0,0.0,530.2631578947369,401.63157894736844,13.68421052631579,175.8421052631579,17.55263157894737,60.78947368421053,11.078947368421053,16.973684210526315,20.842105263157894,19.842105263157894,16.92105263157895,12.473684210526315
230,Udinese,12,27,Serie A,2015/2016,Italy,male,38,0.0,0.0,0.0,0.0,0.0,0.0,0.0,0.0,0.0,0.0,0.0,0.0,22.55532047319626,0.19365826469313185,0.2360190747507277,0.0,0.0,424.92105263157896,296.9736842105263,11.947368421052632,174.3421052631579,13.289473684210526,51.60526315789474,11.078947368421053,16.842105263157894,24.18421052631579,21.789473684210527,13.868421052631579,10.947368421052632
238,Inter Milan,12,27,Serie A,2015/2016,Italy,male,38,0.0,0.0,0.0,0.0,0.0,0.0,0.0,0.0,0.0,0.0,0.0,0.0,20.694530094084488,0.1899254814671441,0.1897803154940482,0.0,0.0,543.8421052631579,422.2631578947368,13.947368421052632,174.71052631578948,17.105263157894736,54.31578947368421,9.394736842105264,14.68421052631579,22.289473684210527,20.5,13.578947368421053,11.0
1683,Carpi,12,27,Serie A,2015/2016,Italy,male,38,0.0,0.0,0.0,0.0,0.0,0.0,0.0,0.0,0.0,0.0,0.0,0.0,23.468147040934443,0.18958422023556123,0.2623811551014616,0.0,0.0,370.89473684210526,259.86842105263156,11.421052631578947,204.02631578947367,14.447368421052632,57.55263157894737,11.342105263157896,18.57894736842105,27.07894736842105,23.526315789473685,15.342105263157896,10.31578947368421
231,Chievo,12,27,Serie A,2015/2016,Italy,male,38,0.0,0.0,0.0,0.0,0.0,0.0,0.0,0.0,0.0,0.0,0.0,0.0,22.207830176201526,0.1856017997750281,0.22769522230773784,0.0,0.0,444.5,308.4736842105263,11.342105263157896,182.02631578947367,11.842105263157896,53.36842105263158,9.236842105263158,18.13157894736842,26.68421052631579,21.763157894736842,13.763157894736842,10.973684210526315
233,Genoa,12,27,Serie A,2015/2016,Italy,male,38,0.0,0.0,0.0,0.0,0.0,0.0,0.0,0.0,0.0,0.0,0.0,0.0,21.682153304408676,0.18264994916977295,0.2091946232915396,0.0,0.0,465.94736842105266,362.2631578947368,12.447368421052632,178.71052631578948,15.078947368421053,57.44736842105263,11.0,18.05263157894737,26.44736842105263,20.86842105263158,14.31578947368421,14.052631578947368
229,AS Roma,12,27,Serie A,2015/2016,Italy,male,38,0.0,0.0,0.0,0.0,0.0,0.0,0.0,0.0,0.0,0.0,0.0,0.0,20.48206124455466,0.20435992155789665,0.19054134172481416,0.0,0.0,577.0263157894736,432.6842105263158,15.578947368421053,152.57894736842104,14.68421052631579,52.078947368421055,9.605263157894736,15.18421052631579,20.07894736842105,19.57894736842105,14.973684210526315,12.18421052631579
234,Sampdoria,12,27,Serie A,2015/2016,Italy,male,38,0.0,0.0,0.0,0.0,0.0,0.0,0.0,0.0,0.0,0.0,0.0,0.0,21.97395944789586,0.18799671142778843,0.21244176486708688,0.0,0.0,480.13157894736844,366.10526315789474,11.552631578947368,166.6315789473684,15.157894736842104,50.81578947368421,10.473684210526315,16.236842105263158,24.57894736842105,21.342105263157894,13.868421052631579,10.763157894736842
2256,Palermo,12,27,Serie A,2015/2016,Italy,male,38,0.0,0.0,0.0,0.0,0.0,0.0,0.0,0.0,0.0,0.0,0.0,0.0,21.695447209905772,0.21157107858533827,0.2262076763615805,0.0,0.0,418.92105263157896,305.94736842105266,10.947368421052632,182.28947368421052,14.973684210526315,58.26315789473684,9.657894736842104,17.736842105263158,23.57894736842105,21.789473684210527,15.447368421052632,15.263157894736842
228,Atalanta,12,27,Serie A,2015/2016,Italy,male,38,0.0,0.0,0.0,0.0,0.0,0.0,0.0,0.0,0.0,0.0,0.0,0.0,22.085548670478953,0.20842916283348667,0.22573597056117756,0.0,0.0,457.6842105263158,322.8421052631579,12.421052631578947,178.8684210526316,13.447368421052632,51.473684210526315,10.973684210526315,18.210526315789473,24.210526315789473,19.68421052631579,14.473684210526315,10.394736842105264
291,Frosinone,12,27,Serie A,2015/2016,Italy,male,38,0.0,0.0,0.0,0.0,0.0,0.0,0.0,0.0,0.0,0.0,0.0,0.0,24.147035156301346,0.18074922740634658,0.27376196577975426,0.0,0.0,349.13157894736844,240.89473684210526,12.947368421052632,183.73684210526315,13.868421052631579,53.86842105263158,10.210526315789474,18.05263157894737,30.86842105263158,24.236842105263158,15.289473684210526,12.473684210526315
241,Torino,12,27,Serie A,2015/2016,Italy,male,38,0.0,0.0,0.0,0.0,0.0,0.0,0.0,0.0,0.0,0.0,0.0,0.0,23.405911724199804,0.1419806679400359,0.24813335648550094,0.0,0.0,454.6578947368421,354.6842105263158,12.578947368421053,168.73684210526315,15.394736842105264,49.973684210526315,9.947368421052632,18.63157894736842,20.42105263157895,17.81578947368421,13.947368421052632,10.263157894736842
227,Napoli,12,27,Serie A,2015/2016,Italy,male,38,0.0,0.0,0.0,0.0,0.0,0.0,0.0,0.0,0.0,0.0,0.0,0.0,18.135257951476625,0.24392328848583958,0.1354716420129339,0.0,0.0,708.0526315789474,544.2368421052631,17.473684210526315,154.31578947368422,15.947368421052632,51.73684210526316,8.631578947368421,12.763157894736842,18.263157894736842,17.94736842105263,12.657894736842104,11.342105263157896
290,Empoli,12,27,Serie A,2015/2016,Italy,male,38,0.0,0.0,0.0,0.0,0.0,0.0,0.0,0.0,0.0,0.0,0.0,0.0,19.052763043308556,0.239829542639116,0.15767305881769983,0.0,0.0,531.078947368421,400.7368421052632,12.868421052631579,158.94736842105263,16.63157894736842,53.921052631578945,9.552631578947368,14.736842105263158,22.63157894736842,20.157894736842106,15.263157894736842,13.763157894736842
239,Fiorentina,12,27,Serie A,2015/2016,Italy,male,38,0.0,0.0,0.0,0.0,0.0,0.0,0.0,0.0,0.0,0.0,0.0,0.0,20.29916172018128,0.18082018927444796,0.17123028391167192,0.0,0.0,625.6578947368421,505.60526315789474,15.31578947368421,160.94736842105263,16.94736842105263,53.36842105263158,9.5,15.552631578947368,18.0,19.526315789473685,14.68421052631579,12.973684210526315
232,Sassuolo,12,27,Serie A,2015/2016,Italy,male,38,0.0,0.0,0.0,0.0,0.0,0.0,0.0,0.0,0.0,0.0,0.0,0.0,21.401911328009334,0.18860331598433225,0.2047539840103021,0.0,0.0,490.44736842105266,366.94736842105266,13.026315789473685,175.05263157894737,15.631578947368421,57.5,11.552631578947368,16.36842105263158,25.736842105263158,22.026315789473685,15.552631578947368,12.842105263157896
243,AC Milan,12,27,Serie A,2015/2016,Italy,male,38,0.0,0.0,0.0,0.0,0.0,0.0,0.0,0.0,0.0,0.0,0.0,0.0,21.05530286945122,0.1905139174985475,0.19769714255532667,0.0,0.0,498.2368421052632,389.57894736842104,14.868421052631579,166.0,17.63157894736842,56.973684210526315,10.131578947368421,17.0,23.236842105263158,21.0,16.605263157894736,13.0
224,Juventus,12,27,Serie A,2015/2016,Italy,male,38,0.0,0.0,0.0,0.0,0.0,0.0,0.0,0.0,0.0,0.0,0.0,0.0,20.83772619018782,0.162175949543199,0.1868478412094792,0.0,0.0,567.4473684210526,453.7631578947368,16.0,147.1315789473684,19.18421052631579,52.63157894736842,9.789473684210526,16.236842105263158,19.13157894736842,18.736842105263158,15.421052631578947,13.105263157894736
